cement,blast_furnace_slag,fly_ash,water,superplasticizer,coarse_aggregate,fine_aggregate,age,compressive_strength
440.54,201.69,189.08,233.73,30.43,1027.16,604.76,56,67.22
293.11,258.4,53.16,239.09,25.54,830.35,802.18,28,40.17
477.78,182.71,100.81,230.53,28.39,963.51,916.18,365,74.72
406.84,325.64,18.14,245.4,12.33,874.98,855.55,180,55.36
141.44,150.53,84.73,180.51,31.89,821.65,669.77,365,40.41
529.27,232.3,186.02,126.17,4.88,801.29,882.67,56,62.82
434.9,122.91,100.48,130.86,16.6,912.04,879.22,365,67.33
445.87,146.53,194.23,170.74,15.34,1003.39,695.54,56,55.02
156.37,157.98,51.77,153.5,25.55,957.05,840.4,28,38.88
298.17,45.16,100.91,142.09,29.08,904.11,835.6,180,61.01
263.15,32.93,171.91,243.92,23.4,1141.96,927.59,180,45.96
507.78,239.63,89.65,145.4,20.06,1124.14,644.7,1,54.86
383.3,235.33,55.9,244.72,13.68,843.35,668.33,365,62.09
462.02,237.98,171.1,218.91,16.33,943.21,785.36,90,65.08
295.1,7.1,77.98,203.32,16.3,1023.85,607.75,365,54.16
199.99,117.23,106.14,207.88,0.65,1053.05,757.07,90,27.56
344.02,71.01,195.31,163.09,16.1,926.4,906.86,365,64.03
128.08,279.36,37.3,204.04,27.39,1057.47,649.78,7,18.44
464.16,308.97,60.28,144.27,22.7,842.83,774.9,3,55.33
377.93,88.56,6.21,241.9,25.46,914.48,987.89,3,38.63
433.56,239.76,78.37,159.23,12.5,1047.17,793.38,7,55.24
255.99,46.44,40.04,153.17,16.93,1015.86,790.33,3,27.13
527.11,98.78,136.01,212.45,1.07,1088.84,814.64,14,50.59
492.97,49.78,36.26,205.34,12.26,816.17,664.77,3,45.04
442.49,101.78,134.96,178.67,15.18,860.17,649.16,3,42.41
185.64,242.23,52.7,202.22,8.17,816.73,862.3,28,21.75
305.36,326.81,71.04,140.73,1.0,866.28,749.1,180,50.26
119.27,72.71,69.77,207.53,22.09,801.48,706.54,3,2.0
167.89,194.61,143.35,155.18,13.92,973.95,602.62,28,24.76
400.54,251.8,93.3,155.47,13.3,982.27,930.11,56,54.96
427.7,342.1,72.26,141.08,8.0,1026.97,603.0,90,62.47
525.7,219.01,170.52,163.21,17.21,932.79,891.49,1,56.78
243.36,91.58,114.39,163.06,14.02,801.11,743.56,90,45.31
263.0,224.55,42.77,179.04,15.17,1032.49,830.67,1,16.63
306.6,115.06,180.02,144.75,18.59,818.73,689.57,7,44.68
183.37,350.43,68.53,145.09,0.2,1098.83,652.47,7,20.56
157.17,143.48,7.8,190.43,29.05,807.82,804.42,180,39.73
309.31,246.07,98.92,136.75,2.27,983.01,869.64,3,32.59
199.84,8.34,24.79,209.56,14.43,1108.75,668.59,180,32.99
394.72,143.62,47.69,242.71,6.64,997.51,765.42,365,55.42
292.35,314.16,149.42,175.48,16.76,1009.9,768.75,365,60.4
466.38,219.07,26.15,237.14,8.97,1035.16,676.82,7,50.51
408.12,159.38,161.39,132.78,27.52,842.23,817.15,1,48.69
237.44,336.0,187.38,125.58,12.68,1032.85,648.67,3,39.63
466.19,306.58,121.31,213.78,20.44,1103.72,794.92,90,70.95
454.1,115.68,142.07,218.93,7.96,1136.11,635.6,3,43.36
270.49,195.49,142.72,229.6,0.62,952.85,785.19,56,27.33
226.86,175.85,198.56,127.39,12.93,918.85,715.26,14,42.22
400.3,226.96,68.31,221.0,17.17,1059.89,771.8,90,55.85
161.49,119.95,32.57,168.95,14.71,987.29,764.37,56,31.28
187.96,87.67,103.83,159.43,30.78,888.77,954.99,56,38.4
103.24,327.65,106.65,142.49,22.62,859.39,786.95,180,28.79
446.25,331.67,35.58,249.48,31.86,858.73,919.04,365,82.0
392.53,302.75,122.62,128.28,9.44,958.42,680.71,14,47.38
410.27,351.18,2.82,227.51,25.25,858.69,731.54,28,62.59
443.52,267.45,185.53,203.13,17.78,806.8,620.19,56,62.94
301.92,274.52,52.91,215.56,19.58,817.97,759.14,180,52.71
350.25,273.77,7.91,212.52,31.55,1120.81,858.82,28,55.15
161.51,172.54,21.65,231.6,20.93,825.17,926.94,14,12.78
150.39,163.87,48.05,143.89,28.76,825.25,817.5,180,43.45
394.1,86.24,54.78,120.11,23.22,955.66,847.31,365,64.92
307.28,231.49,6.56,197.81,4.08,884.56,661.26,56,39.43
348.7,103.87,55.87,166.0,22.38,1132.13,604.96,1,40.93
436.6,92.55,38.59,136.09,15.5,1114.29,908.26,7,49.37
379.28,210.36,75.72,144.2,29.4,939.64,657.15,28,54.21
343.57,147.18,77.03,163.13,25.82,954.81,626.65,90,62.37
346.05,78.57,67.8,129.13,3.33,929.41,966.9,90,48.35
233.74,292.96,65.58,127.4,4.29,813.06,977.34,180,44.76
113.56,308.94,17.95,239.08,2.23,901.03,837.74,1,2.0
292.16,60.2,5.04,160.57,15.78,842.32,742.21,28,40.42
194.42,2.7,40.42,247.69,2.58,835.32,924.96,90,15.06
279.75,120.67,151.33,245.37,23.16,993.5,672.3,365,61.01
475.5,286.31,198.16,138.53,17.68,834.07,762.62,3,54.72
202.93,301.26,185.71,212.94,26.75,835.51,733.52,180,48.03
125.65,49.66,100.84,198.1,8.95,965.78,956.91,1,2.0
223.81,277.99,106.36,209.78,16.61,952.59,959.75,3,30.68
229.18,41.54,62.92,132.5,3.76,847.48,851.66,180,38.59
391.24,140.03,154.79,144.51,28.31,801.53,634.52,180,63.22
345.09,358.5,152.95,129.96,5.6,866.58,783.84,365,60.51
444.92,69.14,168.85,198.54,3.28,881.38,688.62,56,56.62
392.3,55.27,179.1,248.26,6.56,1076.09,945.74,56,49.54
278.81,151.79,86.87,207.36,25.8,1115.83,645.64,28,43.51
458.17,222.46,153.38,212.4,3.39,940.05,611.83,28,56.7
173.47,334.91,161.28,248.0,19.66,939.73,873.18,28,29.72
109.99,352.11,61.69,208.14,23.88,1045.81,772.22,7,7.44
139.62,25.0,185.85,125.22,24.03,1016.29,927.02,180,40.38
417.84,49.54,18.87,232.71,6.08,863.53,620.0,14,41.01
303.23,283.87,198.85,167.41,1.97,837.15,912.03,56,42.17
170.96,97.16,154.02,120.57,14.36,950.98,605.01,90,39.3
320.46,317.66,18.65,185.94,6.48,994.87,601.28,28,43.96
167.02,238.18,131.25,241.81,22.38,847.85,775.45,56,21.62
406.38,40.15,6.84,153.45,11.41,901.18,678.96,1,34.12
296.31,298.88,154.04,183.9,14.38,905.55,828.67,7,38.55
267.65,63.31,159.84,142.59,3.63,890.15,600.38,28,40.49
232.67,152.03,120.48,127.5,18.16,958.96,604.23,14,31.93
377.32,198.23,171.37,130.47,5.94,1025.31,882.31,365,61.33
259.2,179.78,19.58,214.51,21.73,975.74,674.49,365,50.04
138.57,246.33,55.18,232.33,2.28,869.5,853.88,90,17.38
151.92,234.31,82.84,138.63,31.23,835.51,891.47,14,35.02
523.23,356.14,8.49,157.48,21.9,1083.55,613.85,1,61.61
499.78,358.79,89.64,145.35,5.82,965.36,899.44,90,68.3
407.87,185.41,53.04,123.49,0.45,821.44,697.91,180,55.46
216.98,34.18,78.55,191.95,10.7,889.05,746.6,28,29.25
526.44,261.3,85.02,210.99,4.89,1077.39,624.83,180,64.46
442.65,350.62,175.88,204.22,6.99,1059.35,927.13,365,71.21
415.43,114.28,54.07,170.45,27.93,1102.16,815.41,28,53.21
297.72,165.57,178.75,192.15,19.3,1007.72,792.88,3,32.75
219.79,152.49,85.19,132.23,5.65,945.9,979.36,1,22.5
142.41,18.46,65.56,140.06,17.81,947.19,724.47,90,35.88
497.15,241.34,100.5,241.13,8.18,866.93,948.09,56,49.48
300.54,126.85,83.55,219.0,31.24,1024.53,879.31,3,43.8
189.04,282.7,51.47,239.96,1.05,1001.85,963.27,1,4.87
234.62,298.73,100.54,239.17,23.43,853.43,954.94,365,43.69
354.86,294.82,30.36,204.42,24.74,1105.55,988.39,7,35.11
177.78,149.58,70.39,240.67,2.15,927.12,642.93,7,2.1
476.91,115.43,113.16,174.17,5.5,817.16,910.0,56,55.82
433.75,268.83,82.68,120.47,12.3,913.12,913.41,14,54.34
416.56,287.7,164.78,128.13,27.78,1100.1,849.04,365,80.92
290.12,176.36,51.34,134.23,17.18,1116.35,702.1,90,49.95
376.02,320.6,193.95,132.4,20.97,969.19,977.99,14,52.55
357.0,51.66,156.94,165.72,25.06,1129.94,672.18,7,45.01
385.93,315.59,193.52,211.17,26.5,1101.96,790.83,180,68.87
137.16,34.5,167.63,222.78,15.24,1084.7,799.64,56,17.02
282.96,55.12,28.42,196.73,16.28,1096.6,655.06,365,47.68
118.31,191.65,105.29,139.04,22.98,931.75,880.46,14,27.05
317.36,24.24,34.0,217.23,8.43,1060.98,625.72,1,19.95
245.14,18.96,163.65,166.12,27.34,999.18,868.63,365,52.47
163.59,0.19,116.83,121.69,0.67,1048.29,931.14,7,14.44
145.5,156.64,52.69,156.48,6.26,861.34,730.46,180,33.84
358.56,278.09,185.92,162.98,25.61,1052.33,875.19,90,63.81
175.06,12.51,23.04,155.65,10.89,1130.37,653.02,7,15.5
507.05,234.16,112.77,225.54,4.79,904.42,930.07,90,64.02
355.67,295.5,144.21,218.79,5.98,1140.23,972.72,1,40.36
252.62,60.31,11.77,210.42,16.98,930.54,651.38,14,31.49
360.0,52.72,119.57,138.07,27.08,868.9,868.13,14,56.99
110.03,309.03,163.18,225.02,2.26,838.74,793.34,56,9.27
521.77,295.5,13.51,208.03,0.98,1070.81,803.66,28,51.74
312.21,193.48,102.45,145.33,14.89,991.41,874.01,56,51.03
444.4,294.09,51.71,204.25,30.6,905.96,786.47,28,58.91
136.4,33.3,132.58,182.86,8.93,1009.92,831.33,90,19.54
314.13,141.62,23.74,177.12,30.69,914.57,682.82,3,38.96
315.91,264.87,187.41,134.58,28.41,954.68,742.16,90,62.11
512.64,92.43,178.95,187.38,9.06,1097.62,937.83,1,40.41
351.56,270.09,37.19,132.99,26.14,1030.52,634.18,1,43.12
308.34,181.0,64.65,141.35,21.95,1063.03,830.23,90,58.04
217.47,269.35,117.53,137.23,16.38,1001.31,664.08,3,31.13
245.89,166.82,143.61,244.03,13.53,1142.03,930.31,90,31.03
329.1,132.08,88.53,157.03,26.1,883.29,822.78,3,39.52
293.12,78.69,31.26,166.18,25.38,890.49,752.03,3,30.37
109.51,74.81,20.83,161.87,24.22,831.93,690.43,365,30.87
463.57,269.79,199.95,236.77,31.94,991.14,765.61,3,58.59
494.31,42.69,91.07,193.19,15.31,1011.61,974.96,365,69.79
161.71,30.87,174.51,239.49,25.82,1050.46,794.7,14,15.81
343.78,63.29,96.48,158.99,27.6,915.73,778.73,180,63.15
147.77,62.95,184.47,134.93,6.77,804.23,890.0,365,34.91
395.79,295.5,17.55,192.31,1.35,1018.12,742.38,3,31.28
223.74,143.06,22.8,164.92,12.95,1144.55,761.82,7,30.61
390.15,355.55,185.93,224.25,27.42,901.62,725.45,56,67.06
419.88,49.26,189.5,234.33,9.25,863.46,650.67,180,60.17
438.2,234.62,62.94,181.43,22.4,897.21,876.95,3,47.16
147.41,161.09,71.03,246.28,0.24,946.77,940.96,3,2.0
503.05,141.06,90.49,191.89,11.37,886.56,954.05,14,51.47
201.29,314.16,83.23,155.22,19.7,919.7,944.08,3,32.57
116.46,350.24,38.01,183.57,4.15,1020.18,771.62,7,2.89
344.14,313.36,179.68,124.85,28.69,919.03,704.19,3,51.02
263.21,69.04,50.66,224.52,5.0,936.64,846.45,180,28.36
465.11,79.27,141.05,133.19,29.11,813.81,973.79,180,72.9
455.63,235.53,13.43,160.14,6.92,1116.69,882.27,3,43.7
239.54,103.78,7.75,193.49,31.82,940.38,788.93,28,40.32
519.28,263.77,130.75,125.59,19.35,913.21,866.9,56,77.88
228.0,203.35,67.8,130.31,2.7,829.84,900.56,56,33.11
326.63,197.78,131.09,210.5,2.09,1018.79,959.55,365,49.3
212.62,297.45,18.8,129.33,2.4,1098.02,896.81,56,33.55
511.86,255.08,189.97,182.02,18.88,814.2,764.14,90,68.73
172.43,9.54,149.7,164.03,25.91,850.12,699.99,1,23.44
119.76,17.76,175.25,149.65,12.89,850.5,790.95,1,10.4
291.44,215.96,27.29,144.54,14.23,1007.78,721.93,56,45.37
536.65,174.54,64.03,219.24,18.86,1117.82,968.99,365,71.85
492.34,93.41,73.67,243.7,17.06,951.03,794.2,14,47.59
429.39,150.3,107.43,138.22,22.02,918.61,779.77,56,68.25
491.95,272.09,59.37,244.76,15.1,1064.22,729.97,3,52.4
493.12,296.75,12.13,197.32,22.84,1056.19,847.04,28,63.07
328.3,201.48,73.78,203.42,31.91,885.13,799.06,90,53.73
239.01,138.35,50.91,212.29,11.21,855.49,641.88,56,29.51
439.69,97.18,77.18,211.54,0.39,923.44,939.42,3,35.47
391.13,187.37,39.39,226.58,4.02,1067.58,734.32,180,54.46
264.41,113.0,52.38,182.85,17.71,1039.8,763.9,365,43.86
141.57,202.51,125.39,189.34,11.02,1029.72,672.68,28,18.03
428.59,242.92,77.63,162.1,30.08,1086.15,812.47,14,67.08
215.48,23.72,69.08,133.68,20.08,895.61,872.23,28,36.96
512.2,0.38,106.78,206.4,16.65,917.19,944.23,180,72.0
206.03,76.21,154.37,124.37,25.54,814.61,610.75,28,45.3
154.01,321.13,75.77,155.83,8.27,1099.72,981.28,1,9.06
465.69,232.02,117.5,132.25,26.23,1000.94,872.93,1,51.75
167.45,61.73,193.24,144.79,0.1,902.85,704.29,180,31.57
178.88,319.6,104.4,203.04,19.83,823.95,672.2,180,37.19
363.73,168.71,181.96,201.7,29.91,1049.58,709.03,90,58.65
484.81,170.92,158.73,174.74,25.21,1058.31,942.04,3,60.82
186.43,335.86,11.74,131.72,27.32,1029.83,707.14,3,29.7
236.54,21.36,85.82,176.34,12.7,870.3,776.05,14,34.02
442.06,77.25,139.66,165.86,26.38,1115.06,873.71,7,52.29
527.6,210.29,197.34,213.66,17.63,1059.84,940.54,14,60.34
320.33,70.18,91.68,195.27,19.79,1026.93,854.75,56,50.56
163.31,243.95,18.56,183.9,1.89,1024.58,892.75,7,10.56
106.13,76.86,112.4,183.31,6.45,1112.0,659.68,3,2.0
201.05,35.6,25.31,245.62,17.63,1120.27,942.72,14,11.89
158.0,74.31,150.3,218.32,1.88,1005.49,700.84,90,20.05
398.17,151.76,101.54,184.61,23.73,943.75,641.61,56,49.39
153.61,63.23,144.69,182.3,26.88,925.49,982.45,7,21.08
322.79,48.35,173.87,123.44,29.45,1082.58,671.06,7,52.22
405.48,308.84,125.79,242.53,3.26,1022.39,644.93,56,52.73
355.69,115.02,122.49,161.49,30.07,826.66,841.66,3,41.39
187.9,129.51,150.91,153.27,2.16,849.05,718.18,180,31.27
453.81,19.84,168.49,249.92,15.17,1110.56,643.61,180,57.69
414.78,128.3,173.81,213.43,26.89,1105.15,831.65,1,45.35
425.15,95.07,7.29,126.16,2.25,1128.38,895.11,365,51.97
157.67,219.16,111.24,128.05,0.58,947.61,908.87,1,12.19
154.45,73.74,43.25,123.32,0.8,1070.5,652.52,28,23.13
508.13,318.92,172.07,197.95,16.36,1085.74,813.86,90,68.72
274.93,333.75,129.68,129.3,25.97,908.92,917.1,7,49.82
232.42,35.84,84.04,241.34,4.08,850.14,654.76,3,13.86
314.98,38.56,37.62,241.8,3.99,1143.97,673.49,1,16.6
391.66,41.4,67.8,190.99,18.19,810.43,590.97,90,47.54
520.47,222.43,140.76,200.16,7.5,1006.08,800.9,1,45.24
226.04,43.79,40.87,157.95,23.37,1024.32,668.26,28,34.65
506.92,306.01,18.72,128.32,30.39,1035.22,881.15,14,65.64
110.94,270.78,177.61,215.87,24.51,888.19,976.81,365,28.95
344.29,294.31,152.84,133.23,28.07,1048.94,673.92,365,78.59
378.95,188.86,39.96,131.12,16.63,874.66,850.94,180,62.45
146.59,357.81,58.46,160.46,26.63,1086.02,675.16,90,42.29
161.75,15.86,194.41,121.62,5.85,875.6,597.24,28,21.08
284.41,144.05,141.64,176.42,2.19,1040.36,894.94,14,33.86
525.14,116.29,122.1,212.0,20.99,1070.28,764.47,3,52.15
362.26,340.56,61.53,224.18,1.66,865.19,970.61,365,60.54
510.53,207.09,59.83,198.56,28.56,882.11,804.78,14,61.0
453.92,289.42,7.9,230.09,22.13,1068.79,653.31,14,54.37
305.65,61.15,145.7,172.85,30.47,829.67,770.81,3,45.31
445.3,351.33,8.64,230.34,10.04,865.81,671.56,7,46.35
107.85,179.01,0.97,185.84,15.56,957.16,942.97,56,8.62
148.02,177.23,145.9,148.99,23.73,1120.91,867.74,14,39.36
464.95,348.55,189.77,242.74,7.77,993.85,727.18,56,54.73
450.6,136.68,151.3,155.75,17.34,933.75,802.18,3,48.22
202.36,142.71,94.33,123.41,21.1,1137.54,859.13,1,28.61
333.54,209.93,97.21,151.55,31.32,959.98,904.71,180,67.64
366.65,45.97,87.23,167.67,23.83,949.64,622.22,14,47.94
481.81,115.27,64.93,165.68,3.78,942.02,599.05,14,47.59
365.37,69.36,104.34,188.21,15.21,907.7,636.01,7,39.81
281.53,37.08,86.23,234.81,18.84,912.36,748.79,56,36.01
264.64,310.95,119.63,158.0,4.69,1037.3,777.62,56,51.79
287.39,211.57,179.62,187.7,13.82,814.09,644.86,14,39.24
386.85,128.76,199.0,164.22,9.09,1035.23,755.28,365,64.79
481.7,146.71,15.75,226.83,3.8,869.42,767.53,365,60.32
299.71,154.92,76.94,140.49,16.39,932.55,633.85,3,35.07
209.05,227.3,36.14,133.46,5.3,850.56,958.5,56,34.86
204.13,332.71,70.42,185.39,18.9,990.7,830.86,365,43.54
428.25,334.87,57.49,207.35,5.43,1051.63,746.19,28,50.34
459.29,140.55,34.91,223.42,23.16,922.36,793.78,1,42.28
146.32,118.21,152.82,196.65,6.25,856.38,716.31,3,10.57
129.29,161.93,99.26,220.6,28.68,878.14,933.44,90,19.82
361.55,203.89,183.85,171.05,0.84,1082.25,821.16,365,54.88
164.32,165.79,6.52,124.27,16.7,892.34,788.95,3,19.01
462.85,236.49,13.4,135.09,10.24,1067.27,956.18,28,62.28
236.55,199.03,80.65,125.03,7.2,914.26,926.87,28,34.59
163.3,115.14,16.06,162.76,15.09,865.11,916.75,7,21.78
505.23,124.12,52.55,184.41,26.94,1050.92,680.69,56,71.33
172.83,135.91,197.21,166.32,29.29,961.65,651.56,180,45.99
225.28,33.98,41.79,192.88,9.7,810.79,867.42,7,16.31
167.59,59.62,39.62,182.48,4.94,1131.18,778.39,1,2.0
150.82,259.6,114.73,208.13,23.04,850.97,864.85,14,26.11
109.31,139.69,99.6,206.71,18.62,921.93,895.77,7,2.0
124.37,77.02,116.09,161.35,6.43,932.75,708.72,90,21.52
176.84,202.0,75.35,165.01,24.33,968.85,704.43,28,35.69
123.49,271.24,165.35,196.07,16.61,1070.98,787.31,1,6.22
360.1,92.41,27.72,197.54,20.91,802.1,699.97,14,46.98
399.51,296.82,85.68,160.91,11.5,1121.7,858.25,90,55.71
273.2,332.97,137.95,162.94,14.05,1022.87,890.19,28,41.79
239.92,214.46,173.65,210.23,5.77,1127.97,779.76,56,38.52
321.99,240.15,73.91,204.16,24.21,1082.0,880.97,7,40.92
485.0,18.87,113.55,137.56,5.02,1120.1,795.2,7,34.99
474.5,339.44,13.83,177.34,24.91,1007.35,876.57,3,57.6
119.13,140.9,34.06,236.05,25.54,923.27,680.44,1,2.0
179.86,331.68,13.83,124.72,23.89,952.81,887.01,1,30.14
204.17,207.85,145.58,231.17,0.62,1027.02,877.48,56,31.02
209.73,1.66,57.61,141.21,8.74,947.29,697.18,3,20.34
351.34,13.84,144.75,185.94,14.99,1052.43,813.5,56,52.88
283.16,244.27,13.28,175.16,19.06,831.69,933.84,365,57.94
121.67,202.0,172.51,121.32,29.42,1086.35,690.31,90,46.99
264.39,9.53,167.11,239.0,12.02,870.45,885.86,56,31.14
330.45,266.9,17.79,179.14,28.0,1125.66,973.49,3,43.84
144.74,305.92,4.75,244.05,5.23,853.66,938.23,28,12.57
466.72,178.21,11.26,157.28,11.88,844.56,751.41,365,67.36
122.86,167.21,170.73,232.62,1.67,1080.1,834.1,14,3.78
506.93,1.96,46.94,239.91,23.76,1082.45,988.69,180,65.3
143.61,282.41,109.65,192.39,4.82,1054.87,818.51,90,31.64
471.17,118.73,85.25,146.35,8.22,1131.38,636.24,7,56.35
497.17,315.48,159.11,209.08,24.81,893.34,608.26,3,58.09
531.01,133.93,97.78,191.37,17.11,1085.19,907.71,1,50.37
452.89,202.86,100.13,242.79,0.45,921.45,760.3,7,45.13
442.97,97.05,197.82,177.11,0.07,985.4,689.22,7,36.96
382.69,57.65,30.03,154.91,16.34,953.73,729.76,56,47.69
442.76,278.19,166.14,137.98,9.76,802.02,894.46,56,66.3
159.2,178.28,10.35,210.82,5.77,998.19,777.03,28,16.81
335.87,192.6,95.53,246.63,19.64,1057.89,939.14,90,50.54
326.26,346.58,177.27,123.68,7.31,860.22,885.44,90,56.21
477.33,345.93,133.04,216.26,18.95,1121.42,981.55,90,58.59
303.63,307.18,137.04,240.5,12.14,982.99,947.18,365,53.88
269.44,67.35,52.66,129.72,5.98,861.49,692.33,14,30.84
381.41,213.34,83.71,134.32,4.42,1022.85,854.94,180,61.33
217.24,315.25,73.32,209.95,7.58,866.21,598.26,14,31.33
161.5,134.43,104.29,204.24,0.95,821.92,988.42,3,7.56
310.27,36.3,92.45,128.95,9.86,1036.43,694.92,3,34.31
283.43,291.14,65.38,228.47,28.86,838.19,857.25,1,28.18
202.33,172.95,61.1,188.05,26.6,836.65,931.36,365,52.09
261.71,202.62,50.17,237.94,11.9,1055.28,654.51,3,26.42
261.21,352.59,73.01,234.14,18.43,819.04,930.85,180,54.77
244.1,217.99,29.99,225.63,18.16,1079.37,594.92,180,53.29
266.96,152.57,174.42,187.07,26.52,1074.67,767.67,14,36.37
401.73,132.82,120.42,152.72,7.56,848.78,779.76,365,60.69
230.63,149.93,26.76,185.78,9.48,978.84,740.38,365,41.26
517.5,42.51,138.77,133.11,9.66,833.34,825.73,365,71.28
503.19,285.32,169.53,205.65,1.31,1018.24,957.77,28,55.3
311.6,300.74,47.51,137.42,10.07,821.71,721.45,7,39.54
244.48,102.1,30.12,186.45,28.09,1125.85,822.86,1,32.31
335.59,109.06,1.72,127.07,29.18,871.67,942.74,180,59.27
473.37,313.89,9.45,158.94,3.51,1035.6,900.74,180,59.32
387.14,8.61,152.45,150.17,14.66,844.26,606.37,28,46.06
453.93,186.84,197.44,200.6,12.2,872.31,969.0,1,40.95
334.4,166.46,8.98,222.28,15.66,955.58,608.75,180,47.47
378.48,247.76,149.61,127.45,17.75,997.72,826.68,7,50.36
226.79,58.66,14.37,230.54,0.65,1144.61,821.29,28,20.03
423.35,239.93,118.43,231.9,26.95,808.94,906.13,56,59.45
189.06,135.25,151.22,164.49,31.16,800.11,649.67,3,33.97
405.71,222.12,71.84,205.67,20.91,920.88,662.11,1,41.38
478.72,14.39,2.19,172.34,21.13,926.32,892.35,1,47.73
158.13,165.76,119.04,140.04,16.9,1104.92,650.1,365,43.27
370.33,187.49,198.25,188.73,10.7,1114.84,778.72,365,61.66
141.84,76.94,51.52,131.23,4.77,1103.78,884.12,14,15.28
419.31,50.12,37.9,234.2,18.69,849.4,851.8,14,46.32
137.18,67.66,24.79,240.16,1.44,942.18,674.66,14,2.0
511.81,123.55,111.05,226.81,26.38,1057.33,712.19,14,58.51
160.46,34.75,119.29,193.13,13.47,907.85,979.53,28,22.88
521.91,340.09,158.45,192.49,13.27,1028.82,770.37,14,57.43
452.39,145.39,150.61,248.0,10.47,881.81,607.87,56,57.57
361.22,290.42,178.51,152.23,31.02,911.58,678.27,14,56.65
444.35,349.82,161.15,129.87,5.6,1096.85,727.66,56,64.43
449.85,28.98,49.45,193.05,4.84,886.43,991.79,365,59.66
516.25,233.95,111.18,162.74,5.3,1132.69,711.68,3,54.1
211.49,312.84,59.48,161.9,21.07,905.66,600.61,1,22.86
359.63,227.69,65.96,120.92,31.74,808.12,796.19,28,55.4
141.82,154.02,186.39,197.51,7.54,887.94,623.61,3,4.06
371.11,154.76,136.38,154.32,28.98,859.07,700.18,7,46.58
175.37,12.89,194.92,144.42,8.92,974.86,988.94,180,31.28
348.58,191.92,83.38,125.26,20.73,838.89,873.26,14,53.47
351.87,356.68,107.49,167.37,1.3,1015.99,610.37,28,46.05
305.03,344.18,97.42,234.27,15.86,1101.84,770.37,90,48.33
329.96,14.5,21.46,163.77,20.95,925.07,659.0,3,34.69
436.13,253.38,47.34,208.28,17.16,858.13,639.42,28,53.24
451.67,108.33,105.53,218.35,7.61,938.01,826.0,1,42.8
316.55,324.17,13.47,162.65,26.51,1071.16,793.27,28,50.97
363.82,16.2,186.29,226.81,31.04,1004.06,888.63,7,41.29
509.74,335.98,24.77,209.94,14.69,834.89,948.71,365,76.93
152.68,300.65,39.6,192.7,20.35,985.33,689.17,7,19.47
151.53,42.18,153.06,120.13,25.29,961.49,961.04,3,33.35
138.59,21.48,19.39,124.56,7.73,912.85,798.23,1,5.59
389.46,299.66,180.06,248.81,27.66,838.01,694.05,3,51.48
284.19,55.92,145.14,221.7,8.97,1138.48,930.01,3,29.07
440.7,192.03,13.72,241.88,24.83,860.73,604.28,7,48.03
395.34,328.75,138.37,237.3,3.59,866.5,814.92,90,49.77
246.8,203.71,126.33,122.66,9.23,850.23,880.09,180,53.18
495.28,142.61,151.47,222.94,17.08,996.72,702.55,180,70.19
435.51,159.76,165.64,178.65,16.8,953.07,937.12,365,63.7
219.04,22.66,143.67,222.64,27.21,886.1,686.59,365,42.93
260.24,347.78,117.24,120.87,31.88,948.15,927.63,28,46.37
238.35,111.52,64.49,157.47,3.43,1032.37,621.58,14,30.73
169.35,67.98,139.45,217.67,8.68,897.19,654.29,56,20.57
165.02,102.69,191.39,223.09,11.44,1115.76,743.16,7,12.43
511.9,346.21,117.5,200.56,15.33,905.69,933.33,56,60.12
292.68,33.85,132.87,159.16,15.81,868.37,648.12,365,50.91
268.66,311.36,87.43,160.35,27.4,1129.33,941.93,3,39.1
421.06,254.12,151.22,245.68,24.66,1079.64,682.35,90,61.03
343.32,297.98,199.53,177.1,0.6,918.38,771.91,365,57.8
511.9,350.35,32.08,178.13,14.56,1090.29,731.8,28,65.13
443.33,302.33,40.48,191.8,19.78,978.99,637.49,14,64.89
310.92,338.67,107.89,173.24,14.73,919.63,969.61,7,42.03
265.6,45.57,96.28,191.85,4.18,1089.67,766.15,3,26.0
534.12,285.69,114.31,176.2,12.72,1059.5,867.51,7,53.64
415.81,195.9,9.81,227.47,13.17,902.77,821.26,90,48.43
518.53,195.11,80.86,238.18,6.01,1009.3,791.69,28,52.88
152.13,322.71,116.6,241.17,24.2,927.44,837.86,3,7.51
474.23,348.88,117.04,193.36,10.28,800.36,951.13,28,58.7
380.31,253.04,131.47,177.48,18.85,1131.83,871.12,180,60.91
153.65,173.37,144.04,211.68,16.5,989.62,804.06,1,2.0
358.83,163.85,128.31,228.98,28.08,1006.46,849.36,1,46.62
401.88,138.7,158.05,193.19,3.9,1006.96,833.77,365,56.95
105.41,129.81,124.95,211.0,3.66,989.97,764.11,90,2.0
299.9,140.55,107.5,217.46,9.61,900.07,841.16,56,45.03
463.18,32.22,121.24,207.93,13.8,1135.19,768.32,365,62.46
229.96,27.8,20.24,217.0,9.55,1014.48,894.56,56,33.99
301.76,279.97,54.63,147.12,24.42,1031.47,979.5,28,49.38
294.62,160.14,105.48,184.79,7.85,956.9,975.87,3,27.14
232.85,334.12,174.6,196.47,2.71,899.31,919.94,180,43.96
504.11,219.79,135.81,120.32,13.24,822.2,831.91,90,70.93
443.77,12.63,18.08,231.28,24.75,920.83,891.23,7,50.35
148.66,56.55,118.45,199.3,27.22,860.75,661.58,90,30.07
538.7,73.89,44.35,136.79,23.47,1028.42,782.57,90,73.1
486.85,350.29,146.8,226.13,17.85,1103.26,693.44,1,52.07
224.92,78.51,165.49,213.22,23.17,904.45,591.4,3,26.78
468.23,185.16,118.69,218.58,21.8,914.84,978.63,56,62.45
146.82,336.09,118.27,170.97,7.5,1031.28,937.27,56,21.47
539.61,350.81,67.72,231.05,17.62,851.5,796.51,56,70.57
392.9,84.85,89.25,173.82,24.66,1120.66,692.17,14,51.84
386.06,17.63,172.82,194.17,10.15,925.53,868.58,180,53.53
139.79,55.14,144.66,120.08,20.93,834.91,764.79,28,36.19
494.69,22.73,103.95,203.83,15.41,860.27,912.95,3,39.91
112.76,70.05,73.65,213.36,16.1,1121.8,991.81,3,2.42
205.96,204.12,10.08,193.72,2.88,885.26,730.33,180,34.09
162.93,327.57,28.6,184.55,21.32,1028.48,688.25,90,37.77
441.78,192.86,38.61,225.29,27.7,853.88,697.49,28,57.64
187.21,224.73,74.68,208.58,4.53,866.97,627.53,3,6.15
500.68,72.47,188.83,156.15,11.72,1103.34,748.41,1,44.35
388.76,287.41,101.03,244.68,1.56,851.07,597.0,3,35.11
115.91,221.79,46.97,211.94,0.95,806.47,635.99,1,2.0
102.39,310.23,21.15,248.43,31.67,972.93,699.22,28,5.5
122.73,340.63,67.66,246.26,15.79,1097.64,654.26,3,2.0
366.61,124.9,163.15,239.46,11.38,912.47,884.33,3,28.5
452.65,32.52,76.67,218.2,8.8,844.22,632.45,7,50.06
204.96,81.11,154.5,199.23,31.36,1138.87,938.13,90,39.64
473.74,157.19,160.54,142.38,8.07,1033.47,678.89,28,62.18
125.18,339.5,22.16,190.64,23.22,1093.49,633.65,3,8.36
452.42,135.81,121.73,219.5,9.08,1059.49,594.06,90,56.09
508.23,276.71,191.82,187.71,2.26,1040.89,877.51,28,59.44
439.73,194.03,80.43,232.87,21.86,932.67,693.16,3,43.26
407.17,65.63,10.19,134.26,0.05,911.9,794.82,90,56.21
468.71,115.14,184.66,169.52,21.62,1047.35,634.87,365,74.25
117.67,234.5,176.73,185.78,8.01,1047.27,986.09,28,14.92
188.78,241.55,104.43,176.2,23.88,1127.95,640.4,3,25.91
154.97,156.08,110.45,134.12,24.63,996.19,755.59,7,31.34
321.99,82.08,42.35,139.96,23.17,901.64,932.36,56,59.41
427.88,259.16,163.89,228.89,0.78,968.89,688.44,365,59.86
377.21,60.63,99.72,182.97,22.52,1011.73,697.32,365,71.45
474.5,336.26,6.78,126.33,31.68,947.22,915.02,365,80.51
168.29,67.46,136.6,122.14,7.76,1072.94,699.88,180,41.07
423.23,38.53,190.1,181.55,8.78,1001.69,591.15,56,54.88
184.94,178.66,165.83,141.37,26.03,803.26,762.02,56,39.9
219.13,186.52,55.44,211.67,5.13,996.59,595.04,90,33.27
412.36,182.44,10.67,223.39,21.14,1018.59,955.74,90,58.81
531.29,156.76,188.07,149.68,24.16,1115.77,848.01,56,68.43
369.08,357.14,187.41,196.98,1.19,942.73,824.37,3,38.54
123.98,174.57,106.48,140.08,17.72,998.19,671.04,180,34.75
371.18,171.58,128.46,159.47,18.43,963.87,871.38,1,39.57
118.63,151.41,92.52,235.54,9.71,983.42,862.26,14,2.0
489.02,23.99,83.95,190.73,28.04,823.22,614.31,14,58.04
412.21,212.87,23.89,235.17,5.21,1109.56,944.1,365,56.52
176.18,81.84,19.35,149.28,11.65,1114.09,822.92,1,14.52
140.36,228.9,46.55,162.9,27.16,989.08,908.57,28,27.62
180.75,18.25,167.33,181.22,6.1,992.01,695.69,14,29.98
531.21,352.32,29.17,182.41,26.28,819.86,639.06,1,50.8
301.77,168.37,45.34,249.69,2.53,1006.29,872.38,7,23.42
445.0,321.94,109.72,134.88,15.66,948.06,909.14,14,55.84
380.02,170.73,43.03,230.76,2.41,1044.62,745.19,365,61.7
351.86,21.66,32.64,232.28,21.69,816.26,599.52,14,36.18
163.86,295.17,112.66,191.92,25.3,1045.26,918.94,180,43.53
516.25,232.7,73.62,164.72,27.2,898.98,672.85,90,74.92
232.59,280.65,125.23,187.5,31.4,1024.84,726.29,180,57.19
354.33,153.71,182.44,158.02,21.5,1016.36,842.55,180,68.07
407.9,229.02,30.2,223.88,24.61,878.26,630.18,90,66.21
385.66,307.39,182.69,184.78,16.18,951.96,618.94,90,59.36
513.86,226.55,180.5,240.36,29.21,1088.29,600.33,3,58.46
165.31,124.81,165.82,200.95,20.6,1008.93,958.49,90,25.16
323.68,237.85,126.26,186.86,28.27,823.71,715.18,1,40.91
277.78,241.2,124.03,212.44,7.53,952.8,855.58,90,39.81
308.63,344.85,127.84,185.51,15.9,907.56,987.67,56,51.19
152.46,133.16,138.1,237.59,23.35,1021.37,859.12,90,19.44
159.0,152.6,3.3,143.98,6.49,1012.02,801.09,56,28.81
222.35,291.55,191.62,246.54,6.76,803.59,799.41,14,18.9
234.07,181.57,117.12,225.58,31.3,1009.65,741.52,14,38.77
288.28,264.43,156.29,231.9,13.91,1053.52,831.11,56,39.66
368.83,165.04,75.46,182.78,5.82,1065.21,975.43,28,41.15
379.24,77.36,2.48,228.84,10.61,820.35,906.79,14,43.84
281.2,267.53,101.95,159.88,12.72,904.76,760.54,28,46.52
279.86,47.08,101.44,219.05,19.94,945.34,723.64,28,43.6
195.76,71.29,87.4,138.26,29.54,862.02,945.18,7,40.78
358.85,225.03,67.94,159.92,31.57,945.15,644.59,56,59.25
239.5,268.27,49.97,177.95,20.85,824.54,931.53,7,41.25
115.87,321.19,105.51,161.9,22.4,839.06,692.54,7,12.17
284.1,97.86,75.06,170.31,10.3,1030.7,877.68,14,38.39
308.62,39.75,193.99,226.61,27.43,890.59,914.1,1,31.2
199.26,343.22,34.59,153.37,6.97,1045.44,781.75,56,32.93
351.88,55.44,63.93,216.89,3.4,816.6,667.3,90,45.81
348.94,70.96,58.79,129.58,31.14,994.13,929.6,365,72.93
408.88,104.59,108.66,219.55,27.65,935.05,737.74,7,53.36
385.1,190.05,99.86,222.96,9.72,1074.96,718.91,28,47.45
387.07,316.93,128.75,172.22,21.61,1070.46,795.03,28,58.83
239.13,273.04,190.0,213.92,14.94,929.57,764.9,90,45.71
446.47,254.23,57.04,238.97,10.34,1014.84,864.59,56,56.39
341.62,62.89,138.55,224.09,9.18,878.5,645.15,180,51.75
289.82,128.41,5.01,170.76,4.35,1000.24,765.15,180,45.78
375.45,171.75,52.48,182.95,17.58,828.04,948.46,3,44.22
258.69,52.93,92.74,221.32,14.29,949.94,604.5,14,23.74
325.61,98.16,6.2,158.04,16.39,863.04,773.85,56,48.14
424.15,110.69,123.53,224.5,6.89,1104.77,855.53,28,41.56
490.02,45.69,135.66,162.65,30.04,953.49,946.86,28,66.22
505.27,197.54,149.35,224.78,20.43,1003.82,828.7,3,58.8
321.6,253.11,103.31,131.28,28.79,924.33,921.44,56,58.85
328.92,25.11,120.79,125.77,3.5,899.62,679.52,90,47.57
451.94,172.72,79.21,249.7,19.93,870.01,731.83,1,44.91
238.36,280.81,8.25,233.03,27.18,1114.6,968.74,56,34.83
468.45,268.53,19.99,234.77,10.59,1075.82,946.16,365,64.13
317.42,292.61,131.0,243.67,6.24,845.98,814.3,56,44.72
150.98,160.92,199.11,176.98,8.48,1057.62,781.15,365,23.23
131.71,294.58,3.16,157.29,8.73,944.39,771.33,14,13.3
470.48,86.43,111.52,136.9,14.31,805.31,613.63,1,48.48
124.45,129.53,150.2,185.16,10.43,982.29,948.74,90,23.71
223.47,63.31,165.35,148.61,8.68,844.87,918.9,3,25.51
247.02,167.83,109.04,241.62,20.75,872.43,773.41,1,26.39
176.12,140.75,123.98,120.52,1.7,1040.13,702.33,3,19.32
238.11,86.49,139.34,138.62,10.89,888.71,727.85,365,52.45
426.78,269.89,171.79,152.04,22.07,1107.7,639.51,180,70.09
106.46,112.67,24.46,145.86,5.63,1026.72,880.16,7,4.75
463.96,97.94,185.24,149.35,7.07,1087.14,813.78,56,55.04
476.88,46.99,5.2,205.29,6.42,1012.24,684.11,14,50.44
263.8,157.54,167.24,162.58,0.03,1099.75,840.45,3,30.87
167.59,108.76,15.35,199.95,15.16,924.78,983.65,365,40.37
364.37,132.57,38.93,235.73,1.25,989.45,639.2,180,45.32
152.66,84.72,0.78,198.33,8.73,977.98,774.31,14,8.21
260.56,273.97,89.05,210.29,31.83,1111.81,788.65,14,49.57
521.71,333.87,66.87,167.52,29.39,856.9,657.05,180,82.0
538.0,178.76,33.2,140.77,6.88,999.43,803.7,28,60.02
439.73,230.84,90.22,161.68,9.92,1060.28,833.6,14,48.77
236.82,311.31,80.47,245.36,14.84,927.67,653.25,14,32.4
402.57,358.58,153.53,200.84,27.02,1099.32,652.2,28,57.64
410.38,220.25,178.63,156.08,25.68,928.69,934.25,28,64.26
270.65,319.43,130.51,178.62,4.04,859.79,715.18,1,31.03
381.99,326.19,24.88,228.62,3.98,1001.5,843.39,28,51.29
104.72,284.13,59.08,206.9,13.34,945.1,841.96,14,5.86
191.99,165.47,182.66,192.88,27.84,805.24,927.35,7,25.31
331.04,29.13,17.75,235.07,28.23,824.09,887.44,14,43.3
172.05,5.67,81.37,207.42,3.44,867.37,927.91,14,20.5
173.0,171.32,188.5,203.55,18.38,1065.42,841.34,14,21.49
467.97,177.46,190.13,144.67,4.98,1107.75,770.68,365,67.72
535.22,146.24,82.24,133.83,21.96,988.25,748.21,28,72.06
344.63,203.97,133.48,245.47,29.33,836.42,742.37,28,54.76
469.19,198.23,91.35,197.85,14.55,984.37,758.19,7,60.3
535.74,300.34,150.69,174.04,2.66,1095.18,641.98,365,69.15
162.3,39.01,6.32,196.57,18.54,1058.57,760.43,1,4.35
297.23,80.84,28.83,128.04,13.07,900.43,746.56,28,48.05
272.73,284.69,122.84,226.88,25.95,842.74,603.9,3,31.02
135.22,304.37,46.51,148.16,10.89,1110.74,700.6,90,29.52
432.35,357.14,133.21,224.59,28.0,1094.66,892.27,14,59.81
290.86,313.38,70.24,189.47,8.76,818.53,822.33,7,39.21
306.5,319.47,177.33,155.95,5.04,1084.17,914.08,1,34.17
166.3,112.85,163.85,123.93,9.81,833.54,808.16,180,41.68
179.61,144.2,98.57,226.06,1.12,821.83,933.34,14,11.56
499.13,96.24,154.58,142.94,9.0,1061.72,910.02,7,55.72
119.65,217.66,54.23,126.73,21.12,985.03,629.51,180,53.22
202.46,337.03,98.85,218.26,4.55,943.02,982.76,1,16.3
228.51,123.73,39.5,165.51,3.56,1111.83,595.93,28,30.17
315.69,199.96,172.18,170.61,4.24,1089.56,829.93,3,26.99
358.04,106.37,164.61,152.12,2.48,819.88,908.59,3,31.41
317.05,60.96,180.43,231.69,27.99,1012.55,723.42,1,33.35
137.01,70.07,175.5,158.65,30.21,1066.43,830.63,3,18.31
207.21,20.8,191.92,147.33,1.49,989.92,735.57,365,40.67
471.18,340.8,45.67,160.2,24.32,1139.14,614.37,28,72.73
380.54,144.63,186.36,146.41,23.59,1036.69,593.4,365,75.22
385.63,299.45,114.24,161.3,31.9,835.93,628.13,7,56.26
394.89,244.6,84.5,130.78,11.13,868.41,629.56,90,54.54
435.68,68.9,112.07,140.61,9.14,1085.05,835.58,1,43.95
125.57,62.99,68.52,174.22,14.5,1143.88,801.4,1,2.0
261.31,291.5,57.71,234.33,27.41,833.93,773.1,1,23.4
337.39,95.03,48.26,127.45,23.31,834.61,868.15,365,67.65
248.92,327.87,16.49,147.65,15.09,1063.37,596.76,90,52.84
471.57,50.28,99.31,238.08,7.83,822.2,698.94,90,45.1
312.33,243.3,177.55,235.7,23.26,823.65,902.51,365,57.46
438.2,292.4,126.03,208.33,27.34,1106.64,955.81,7,55.96
474.89,84.46,104.2,151.26,12.8,1076.16,766.21,90,64.89
322.11,99.16,85.72,174.58,21.39,1104.14,622.76,28,45.62
500.2,346.26,92.88,147.46,12.81,1024.43,911.09,28,59.84
358.33,94.99,41.86,136.72,15.31,911.28,945.84,56,55.39
474.12,154.35,164.59,169.4,16.8,1112.68,756.29,28,57.85
249.86,155.27,39.68,194.86,24.82,903.06,687.83,1,29.89
319.48,90.84,143.32,166.79,31.28,895.05,607.68,1,35.76
333.82,278.51,152.0,199.41,14.22,1105.81,827.62,28,42.8
146.19,277.09,114.97,158.51,10.95,1034.88,955.77,56,32.33
275.36,135.82,172.59,164.96,11.95,1109.01,862.51,90,48.01
503.63,299.81,58.21,222.79,4.28,853.79,717.53,56,61.77
377.57,76.49,176.32,234.18,9.5,1128.54,848.44,3,32.09
178.1,1.55,145.88,161.86,2.77,1011.4,924.49,14,15.58
249.1,205.05,159.75,194.3,13.69,1030.47,781.28,14,40.43
184.31,356.87,132.92,156.16,5.36,1115.35,919.54,365,38.42
110.92,13.87,169.27,126.93,11.09,931.36,747.55,28,23.42
508.08,74.67,198.62,215.92,25.39,1048.25,730.1,56,72.11
297.21,186.29,84.03,142.23,7.87,1020.92,824.36,90,51.69
235.32,290.77,162.78,175.34,19.58,1071.77,776.8,14,36.88
363.33,31.97,148.92,183.32,28.84,1109.45,982.8,365,63.43
103.22,141.89,90.57,143.98,18.14,1034.62,797.59,90,22.76
222.33,268.2,185.39,132.29,6.2,823.34,744.84,180,42.39
409.33,133.38,78.89,165.24,11.03,863.18,748.76,90,52.51
378.86,67.79,113.09,243.8,18.89,1129.12,810.27,56,53.26
531.99,70.18,21.19,199.97,16.21,1134.18,732.67,1,47.63
372.96,147.21,45.16,169.58,4.76,1133.76,880.61,56,43.44
310.1,172.11,168.14,125.06,14.3,812.7,743.03,3,41.74
435.03,309.39,79.31,198.04,17.38,931.94,744.43,56,62.92
497.46,230.57,78.82,131.99,8.55,1062.09,838.02,90,70.72
417.11,247.85,49.2,190.53,19.6,1059.75,614.46,28,58.41
523.81,352.89,98.32,217.75,2.25,829.64,853.45,7,54.78
444.08,147.85,161.16,175.07,10.77,1010.27,793.0,1,42.67
481.39,144.8,179.03,158.92,25.74,849.29,772.12,90,74.8
150.21,331.48,14.02,126.16,8.3,970.16,879.14,90,29.86
422.26,88.27,114.96,123.22,19.37,882.69,894.82,28,56.91
293.64,262.0,93.45,175.9,13.12,818.34,930.2,90,49.77
343.37,270.89,122.86,234.83,10.13,827.61,740.67,180,52.55
387.81,35.11,89.46,151.73,29.32,1114.26,721.47,28,58.82
526.72,168.1,79.73,194.63,10.98,1056.9,877.17,1,47.63
533.21,72.0,94.38,208.96,7.57,1121.48,823.89,180,65.69
226.82,66.55,116.4,127.91,29.1,962.15,843.98,28,44.95
422.85,166.51,100.2,139.9,23.87,942.59,813.32,90,63.02
429.99,103.91,94.43,163.07,21.82,923.65,900.62,365,74.37
252.46,285.79,163.57,207.11,1.59,1012.63,666.4,14,31.38
154.5,325.83,149.13,177.07,4.2,921.29,813.4,56,22.57
118.02,288.18,68.28,215.45,20.43,1057.46,653.56,1,2.0
442.03,95.51,160.12,232.79,6.7,1076.45,753.72,180,50.46
315.47,98.41,170.73,218.59,7.22,1102.17,856.93,1,25.24
533.64,91.45,30.7,248.99,24.93,883.77,788.21,28,60.82
304.59,48.48,116.54,218.07,9.15,981.82,742.6,14,30.97
530.28,338.82,57.06,230.78,2.29,877.09,945.76,1,49.04
281.09,144.34,147.83,228.21,1.17,812.96,900.68,28,27.12
449.22,80.66,47.76,214.93,14.18,1044.2,801.57,365,66.9
137.32,303.95,134.28,224.23,19.75,989.4,971.92,3,18.54
344.4,143.31,51.02,241.51,27.8,1049.75,760.59,7,47.16
452.91,12.61,102.23,181.78,3.55,830.23,906.81,3,37.25
506.87,58.14,189.73,202.98,6.29,1143.46,657.51,3,39.42
461.94,229.49,76.26,186.94,16.95,1143.05,704.89,7,46.47
116.27,281.06,175.15,230.63,11.65,960.42,725.91,56,9.36
263.99,75.73,197.39,176.08,15.44,1098.79,632.54,180,46.62
121.43,329.35,174.97,226.56,29.57,884.03,791.73,90,23.04
148.08,305.51,33.17,223.92,17.44,1054.46,667.29,90,24.48
397.13,304.57,163.93,245.05,13.28,1103.33,844.94,90,56.84
413.83,81.73,6.43,152.36,31.66,1081.06,666.42,14,58.44
440.44,18.14,78.66,212.25,2.09,1080.06,639.65,365,51.73
480.8,311.41,174.15,218.4,29.83,959.74,979.57,3,55.32
425.35,109.78,137.75,241.72,16.05,1082.9,854.61,90,56.23
452.38,222.19,106.55,237.9,16.12,1038.29,966.45,1,41.15
121.54,272.83,77.57,194.56,29.5,845.7,786.93,90,35.94
203.2,46.06,162.46,195.29,16.23,839.39,603.43,1,17.82
373.64,280.32,141.91,141.75,14.03,1066.31,820.9,3,38.19
477.58,336.93,93.68,246.75,8.72,1015.79,814.45,14,53.65
101.98,261.49,178.5,153.15,21.08,979.18,596.02,90,28.76
326.44,158.4,45.99,214.22,18.23,1113.01,936.22,1,30.77
398.01,314.73,34.08,223.45,6.86,1027.56,839.23,7,36.44
113.03,189.36,128.56,177.36,22.7,936.67,889.37,14,22.47
276.6,267.37,194.4,147.46,20.61,942.81,788.56,90,51.39
494.08,294.56,49.45,144.56,12.71,1008.81,838.6,365,76.47
395.51,269.02,49.93,231.34,0.14,1062.29,693.5,56,47.27
204.57,103.34,27.9,186.4,14.29,994.7,981.45,28,31.9
475.22,42.31,172.11,131.72,0.19,975.52,751.09,14,54.49
253.13,85.56,45.28,213.21,2.4,1050.78,655.26,180,38.91
475.47,180.53,100.64,152.52,13.78,1043.32,612.48,1,42.98
231.54,181.39,198.17,233.93,2.62,1086.47,845.74,3,21.79
359.74,209.17,2.43,160.24,8.82,821.58,985.32,3,33.91
274.65,141.84,111.3,146.04,20.98,1060.46,950.11,7,40.52
220.92,282.49,102.46,131.03,9.88,977.25,872.25,28,34.08
490.09,327.82,161.49,186.5,31.92,825.77,988.22,365,79.67
182.54,88.57,71.06,178.6,29.32,1034.26,880.58,56,38.39
137.32,264.41,82.07,217.67,18.73,1047.21,726.38,14,16.75
250.45,243.39,33.59,180.4,30.94,980.65,831.69,3,30.33
415.76,187.79,148.16,164.7,27.78,1073.86,622.07,56,67.02
455.27,67.68,156.94,154.02,10.2,903.59,679.12,7,44.2
539.45,285.49,27.33,156.16,23.99,869.66,757.85,365,82.0
230.4,344.86,78.69,240.62,4.38,921.0,671.13,28,27.48
279.49,259.14,178.58,141.46,21.91,941.47,973.31,28,46.41
160.2,329.51,0.54,248.46,15.71,1040.1,990.23,365,32.06
352.94,353.32,59.75,162.5,0.54,1091.7,739.12,7,35.17
538.94,126.39,111.01,131.49,8.78,1048.72,875.11,28,65.25
408.39,229.12,66.82,152.33,30.57,860.03,753.92,28,62.71
361.89,170.14,54.41,127.59,10.11,926.34,646.08,7,41.92
272.64,354.2,92.01,222.7,5.81,854.65,725.44,1,25.86
502.73,33.68,36.3,186.63,6.0,1036.92,683.82,7,40.82
318.64,148.04,105.93,163.81,15.33,885.62,721.89,3,31.24
159.12,314.32,141.34,206.07,26.96,981.26,676.44,90,38.93
260.77,101.97,115.06,201.98,24.26,1073.18,635.16,1,23.81
129.55,282.82,18.62,242.18,13.98,1031.47,677.41,7,2.0
188.87,137.42,168.88,244.96,6.68,902.94,954.11,180,32.41
107.77,351.81,35.0,208.49,1.47,914.84,624.26,56,7.85
299.44,317.19,152.96,226.32,14.8,1025.41,720.55,90,44.93
379.2,108.17,72.11,223.02,26.07,989.57,802.44,90,55.45
251.05,276.5,156.55,183.87,23.35,833.26,732.51,7,35.5
284.97,120.93,41.25,211.58,13.08,1101.53,798.08,56,47.72
522.05,217.68,37.33,130.17,19.03,976.85,607.45,3,58.71
430.86,236.39,99.41,218.54,13.96,963.31,850.72,56,55.28
337.98,297.82,6.59,245.04,18.53,868.46,816.52,90,54.27
225.2,8.78,45.06,131.05,16.56,930.06,863.75,180,40.45
494.68,79.04,144.8,228.7,21.79,914.82,818.04,365,69.43
203.44,255.58,167.48,241.29,16.25,893.4,766.04,1,17.1
243.15,202.3,16.16,149.4,30.1,995.76,730.76,7,42.63
499.99,177.92,176.42,188.23,13.7,959.48,681.03,28,59.47
333.0,19.82,159.5,240.62,0.51,1106.77,791.03,7,28.3
426.62,125.03,173.94,244.83,7.56,1124.76,600.47,56,51.41
359.93,310.57,139.69,136.62,16.02,875.72,721.95,180,63.86
387.51,11.09,134.83,165.37,17.3,834.54,862.5,7,42.88
231.73,142.32,105.02,210.76,17.68,1070.94,633.7,365,45.62
206.2,339.31,130.56,148.8,22.87,1143.23,615.28,180,54.01
241.9,18.27,183.82,162.22,8.79,1097.94,852.18,365,48.57
168.39,269.14,20.1,123.03,21.28,808.18,749.91,1,25.23
484.7,92.48,63.15,139.96,22.53,886.69,912.33,7,50.63
224.63,311.11,14.49,193.1,13.16,814.95,966.8,3,21.12
347.06,267.84,188.96,204.9,12.87,1083.17,974.73,3,40.43
448.47,317.97,89.05,204.36,5.73,1000.59,761.09,1,45.46
444.88,77.52,135.07,221.19,13.25,977.23,696.26,14,48.88
292.89,190.73,168.22,173.99,25.18,991.29,834.66,1,34.97
309.55,279.76,198.2,155.55,29.09,887.1,842.53,7,51.38
537.67,88.21,32.36,122.03,19.0,1007.57,840.18,365,71.75
396.82,82.84,159.9,146.86,9.58,810.58,719.36,180,64.5
458.44,9.76,177.48,160.61,21.83,1022.87,615.63,365,72.24
497.12,344.11,9.78,143.17,23.68,1053.38,674.42,1,51.24
446.54,254.9,150.82,122.62,10.63,1032.19,652.08,56,61.29
181.48,228.17,70.95,140.47,26.45,914.58,639.81,56,41.46
347.36,267.09,129.72,206.59,2.36,1085.06,962.37,3,37.85
144.83,190.85,102.81,201.85,0.34,1046.86,595.57,365,24.33
387.29,170.93,51.95,241.64,3.94,844.26,831.95,14,39.15
520.35,161.38,27.04,223.76,4.99,867.32,970.88,365,67.96
325.6,229.92,23.39,193.81,28.13,1019.8,734.74,3,38.98
290.51,72.35,20.66,137.88,13.6,899.85,801.89,56,46.03
115.77,318.81,127.56,193.33,8.8,841.2,869.71,3,3.69
522.3,291.42,70.28,128.01,13.73,853.46,717.5,365,70.87
145.32,125.49,43.33,176.02,12.63,857.14,782.02,56,24.47
118.07,207.72,138.38,170.73,9.65,964.84,918.48,1,2.0
208.27,50.63,137.37,175.62,4.41,1009.55,889.63,3,17.32
128.83,349.07,107.83,156.38,20.99,860.86,915.0,14,25.59
300.25,324.14,186.99,209.16,4.37,1045.81,986.91,1,28.56
327.08,330.96,77.08,229.32,24.81,896.95,738.87,1,42.96
237.53,119.25,167.17,219.91,6.45,907.49,890.33,365,37.46
122.42,60.72,15.03,201.61,23.4,877.11,832.32,365,25.08
149.1,76.03,147.97,189.98,25.78,1070.9,857.98,28,28.85
269.18,32.31,197.69,124.04,4.01,1131.14,887.43,365,52.64
126.63,43.12,169.32,213.98,2.78,969.91,891.39,56,10.01
407.2,25.6,115.93,190.85,30.39,814.5,946.07,1,54.95
191.09,355.35,125.35,155.2,14.82,889.9,730.43,90,45.67
232.91,26.59,70.66,162.62,20.17,854.53,852.7,1,28.51
273.42,47.58,135.9,241.63,0.74,1090.75,702.68,180,35.49
283.31,296.98,154.08,201.17,8.92,829.27,829.02,14,33.66
100.73,208.31,199.65,181.87,16.17,1133.43,891.97,3,2.0
149.31,278.02,98.49,200.72,28.36,1003.04,907.98,7,25.79
479.62,226.5,12.26,173.79,8.69,978.62,758.89,90,62.37
100.54,316.7,119.17,181.12,24.81,1092.34,794.51,180,27.63
323.59,229.21,23.8,157.74,21.19,809.5,724.21,56,52.94
315.38,187.44,48.95,177.18,3.69,1068.12,657.95,3,27.87
246.56,255.88,65.76,209.13,9.39,840.23,694.73,365,46.19
289.78,160.61,146.21,125.19,7.61,1090.07,956.68,180,55.4
443.46,124.24,36.76,223.35,14.16,982.57,714.21,14,51.34
470.13,167.89,33.15,156.79,20.33,821.09,981.85,28,56.02
214.55,60.93,8.99,208.73,13.87,1087.47,687.07,365,43.19
241.9,285.97,174.65,203.55,7.83,809.42,880.67,14,29.66
206.69,93.59,138.7,204.84,22.27,847.74,820.71,1,21.98
311.14,55.12,7.99,199.06,18.7,1075.25,870.14,3,31.05
400.63,88.44,5.66,244.68,16.62,960.38,848.87,56,56.46
200.43,302.3,111.73,186.08,17.74,1104.08,874.11,365,46.89
245.52,118.54,56.51,215.2,7.1,1019.22,954.03,90,36.01
509.37,246.29,119.35,211.71,21.77,1015.12,816.51,56,69.95
121.37,307.45,86.92,150.71,12.4,900.82,617.28,7,12.39
302.74,27.91,184.66,156.83,11.63,846.12,698.87,14,38.68
413.09,274.64,57.56,175.12,4.79,1131.6,874.7,1,35.39
166.2,110.45,135.83,156.1,19.1,836.16,788.62,14,25.64
120.84,77.77,10.81,167.68,19.29,982.51,810.52,56,18.71
160.81,247.32,191.17,170.82,10.89,894.04,829.83,365,44.82
504.28,326.62,196.15,198.5,27.52,891.13,743.82,365,80.21
104.07,105.91,147.81,148.59,27.05,1005.13,901.11,180,33.29
182.86,204.21,93.04,224.56,3.49,1075.29,880.86,1,7.45
113.76,104.05,44.0,176.88,22.24,1068.13,877.15,180,19.43
148.68,198.99,162.5,211.81,12.6,1099.74,877.55,3,11.41
372.87,223.25,147.27,130.59,31.99,901.05,947.92,56,60.73
206.32,219.11,44.39,181.1,7.2,960.68,829.35,365,44.47
350.45,223.85,90.24,123.67,8.98,803.22,978.76,180,56.5
359.69,48.49,92.56,207.87,14.15,1057.67,637.92,56,47.91
473.75,248.98,165.28,164.68,8.6,904.31,844.05,7,46.08
102.09,242.24,136.77,243.4,22.14,993.72,878.2,28,3.22
475.48,245.05,128.63,162.14,15.39,858.41,781.84,90,70.12
372.41,26.59,129.97,193.29,7.07,1082.69,705.86,28,39.73
171.61,160.42,54.09,153.46,16.2,1081.96,811.12,14,24.79
440.09,146.84,74.34,200.61,28.44,1102.72,736.63,14,58.72
476.42,31.13,9.13,180.72,25.36,815.85,955.47,56,64.19
211.88,79.83,157.39,168.18,15.96,1142.4,733.43,1,11.45
504.27,158.31,86.6,146.48,9.23,885.48,660.63,365,78.58
299.96,266.7,87.65,134.5,5.76,906.75,821.71,1,32.64
365.51,85.11,49.07,135.58,28.11,886.02,749.19,365,71.48
533.25,297.88,41.89,249.88,22.73,892.3,628.55,1,50.8
259.08,195.94,117.56,173.6,18.31,990.67,817.07,28,35.1
457.79,272.99,46.51,120.25,28.14,882.73,806.21,14,66.39
240.1,169.65,12.84,243.88,3.89,935.85,659.63,56,26.38
451.65,179.21,153.5,122.6,21.84,1026.18,830.25,14,61.93
364.32,222.48,75.29,174.42,6.93,1088.43,818.08,365,58.15
195.2,333.14,76.05,213.27,3.86,1039.0,900.99,1,13.03
282.17,176.56,86.26,238.9,14.9,1005.04,735.35,365,47.27
239.76,189.79,163.01,212.68,12.4,850.97,690.0,90,43.9
134.37,216.12,64.17,180.27,30.12,1081.56,972.39,180,32.14
113.13,264.77,151.61,246.68,10.37,812.86,815.61,3,2.0
252.45,25.79,187.91,125.11,26.08,891.15,600.91,1,42.76
108.38,185.13,132.17,248.3,23.96,819.69,919.93,14,7.88
172.81,172.89,86.34,230.42,21.37,1030.26,669.1,7,23.78
419.08,330.88,149.56,240.76,29.45,927.09,905.99,180,70.8
411.56,177.17,91.58,153.12,13.05,1024.96,873.48,365,70.82
424.98,168.13,82.89,138.52,12.47,919.73,979.46,14,50.85
239.55,345.43,105.06,206.23,5.15,957.23,978.16,90,33.36
491.61,161.76,63.54,187.06,8.82,958.0,700.31,1,47.51
361.29,64.94,20.85,188.01,28.15,815.73,898.11,90,62.22
155.45,77.87,82.97,240.2,15.18,948.43,717.38,1,2.0
163.24,34.17,24.77,200.61,10.92,1021.17,842.94,90,18.57
404.96,0.2,82.09,160.44,6.92,988.39,830.29,14,40.24
176.1,155.07,111.39,172.01,15.52,825.97,611.93,14,18.94
323.21,276.16,186.14,137.35,22.93,1030.48,592.08,7,53.24
536.38,263.31,7.24,145.0,9.17,906.56,613.22,14,51.18
101.76,11.54,124.29,138.64,24.25,804.98,641.43,180,29.71
107.3,204.62,91.55,225.34,20.15,853.68,693.58,180,12.06
536.96,55.39,4.05,211.63,25.2,971.66,954.6,14,53.25
357.24,337.85,49.91,188.94,8.03,907.09,798.49,7,41.94
155.84,60.08,23.7,168.67,20.19,1039.56,910.35,28,24.08
494.81,224.96,43.36,206.9,4.92,883.03,927.0,90,62.37
487.37,117.12,54.91,225.68,11.64,1066.61,885.45,3,38.39
335.93,230.32,80.26,234.56,23.18,898.83,747.34,90,51.44
373.59,148.0,105.81,191.11,20.21,1014.2,937.27,365,54.93
220.2,272.71,0.2,226.59,6.01,1075.73,888.3,180,27.25
122.23,82.81,32.37,186.47,27.47,933.02,888.75,28,26.12
361.61,325.18,18.71,181.69,1.71,816.15,952.43,7,46.21
229.69,179.58,109.93,232.51,19.05,984.73,830.66,7,27.92
391.99,271.44,65.81,170.23,31.48,1143.42,802.49,90,64.29
467.95,305.05,109.68,171.47,17.01,1134.3,947.85,28,60.3
107.99,358.58,44.36,159.64,25.62,876.25,772.69,1,13.98
362.11,80.4,4.85,187.43,19.05,1060.72,916.25,90,51.26
201.76,102.99,188.27,190.83,25.06,919.01,611.65,3,27.48
484.51,89.91,21.66,205.86,20.98,855.29,590.52,365,70.23
211.61,94.37,25.37,175.97,22.12,1029.74,802.37,14,29.6
368.74,209.1,29.31,148.32,7.29,972.8,619.59,14,41.94
343.56,356.67,196.26,232.69,23.74,986.03,982.57,1,41.94
274.31,355.51,123.53,164.98,7.61,1085.45,592.21,3,28.85
398.15,189.11,122.06,239.98,31.38,916.11,878.7,365,72.47
419.34,229.41,197.34,146.96,7.29,1030.15,687.84,28,52.2
349.45,308.73,17.69,192.81,7.57,926.34,978.96,365,58.43
433.71,334.92,194.9,189.76,27.48,814.74,743.38,365,82.0
532.7,73.19,40.8,227.72,7.78,930.42,600.97,1,39.51
284.48,189.75,124.61,138.05,11.55,1127.76,600.83,14,44.6
326.42,298.99,84.02,238.29,22.87,966.73,812.46,180,50.85
105.49,108.85,76.79,189.09,5.08,837.34,986.66,28,2.0
450.25,157.89,186.25,196.19,5.09,1037.3,983.87,28,51.49
328.9,353.84,29.85,186.32,15.56,1132.37,725.58,56,59.97
279.5,353.63,199.41,124.68,7.8,1113.24,784.05,90,45.13
141.39,325.29,75.83,184.62,7.54,997.33,630.38,365,32.2
491.45,286.64,129.75,154.26,0.3,929.82,799.92,180,70.4
273.8,96.62,193.58,164.55,11.85,1000.33,831.08,56,40.88
400.34,115.19,11.52,204.38,10.18,1081.5,690.93,56,48.74
165.72,196.47,184.57,184.7,1.0,1097.13,836.07,14,18.89
523.08,201.32,113.56,132.12,19.88,1082.5,951.68,3,57.06
178.51,181.48,140.88,129.5,20.05,957.14,590.38,90,49.9
187.8,228.56,29.84,144.14,2.27,841.01,682.03,1,16.39
477.95,146.59,106.68,144.82,10.15,996.36,674.39,90,67.7
501.54,268.95,134.7,199.08,27.93,853.97,639.8,28,66.41
193.34,119.74,91.25,143.12,18.63,821.03,656.77,180,41.94
306.71,118.71,31.0,234.62,13.18,972.04,841.62,365,49.61
422.74,45.67,48.82,147.27,14.88,1026.1,631.28,28,47.57
486.48,67.75,170.88,131.85,6.66,1094.68,886.89,56,60.74
266.78,305.34,6.89,233.85,25.98,1070.08,946.58,28,41.64
327.49,160.22,141.77,158.39,29.25,1095.75,962.49,14,49.15
426.36,81.8,199.88,175.3,29.14,1062.22,855.39,1,49.89
421.7,272.6,1.5,244.67,7.17,1042.62,669.35,1,29.54
444.5,198.88,32.21,242.77,9.94,803.5,624.29,90,58.59
350.77,7.6,134.83,212.94,5.14,1016.01,683.27,365,49.5
146.03,113.57,12.0,128.96,9.83,841.57,976.71,1,15.84
497.75,63.54,117.96,197.13,10.65,820.24,976.86,7,46.65
480.85,235.46,136.8,248.58,20.26,853.96,743.53,56,65.74
451.16,98.74,117.63,243.1,6.07,1084.04,720.97,90,54.08
143.94,23.32,73.04,133.78,29.42,1056.63,795.02,90,41.13
189.93,19.72,139.46,171.48,3.3,1127.33,707.26,90,29.52
427.18,208.84,118.86,161.02,0.22,1137.75,983.82,1,28.84
110.18,7.8,41.53,136.86,27.36,1108.18,678.93,7,20.11
530.86,304.72,112.63,210.32,22.52,845.86,738.4,28,66.8
265.94,55.79,176.38,155.6,11.37,1103.04,762.61,1,29.0
416.5,217.76,133.37,164.83,19.06,1089.33,640.28,14,57.18
490.53,159.64,94.36,131.75,7.15,1100.52,743.9,14,50.24
273.64,158.98,64.32,184.74,5.39,852.33,934.41,365,44.24
240.42,25.78,17.18,140.56,15.08,840.29,646.43,7,32.86
367.85,288.19,48.93,176.17,11.3,1118.71,824.78,365,61.1
355.64,320.61,2.24,138.63,19.69,859.97,753.47,90,64.35
280.02,3.95,197.33,244.0,6.98,927.17,658.56,90,36.34
364.78,64.12,44.5,138.85,21.21,957.31,594.96,180,65.09
511.57,324.5,162.98,187.85,24.54,842.93,699.88,180,79.68
305.76,197.27,33.73,145.61,5.33,807.12,614.86,7,35.96
186.57,53.86,56.72,129.93,1.4,1142.96,741.46,14,21.01
265.97,72.8,83.66,146.3,14.07,1102.45,915.7,28,41.14
273.41,236.94,64.88,127.12,24.77,1114.76,879.31,365,68.12
157.69,260.21,159.67,138.12,20.82,898.17,970.85,1,22.42
171.66,215.19,191.54,184.15,22.46,875.94,761.66,28,35.35
401.21,342.18,175.06,204.74,12.89,946.92,874.54,3,44.89
249.37,177.37,30.72,131.35,7.52,956.4,857.47,3,28.38
520.16,107.8,155.34,177.33,17.02,801.93,677.25,90,74.23
207.18,171.33,29.59,195.56,6.54,1068.84,712.04,3,21.4
143.53,129.12,182.68,150.45,23.24,1143.85,802.99,180,40.18
431.54,80.57,103.58,168.37,6.3,982.4,910.26,365,62.62
487.66,16.5,67.28,129.34,9.32,933.95,775.65,90,57.26
222.37,126.44,31.41,148.62,16.21,935.5,681.55,3,26.21
188.92,255.4,2.36,180.68,15.57,833.15,989.37,3,22.36
181.74,6.62,49.59,248.76,19.23,891.83,636.46,14,20.05
329.69,157.67,182.8,249.51,14.0,973.24,974.27,28,45.72
306.1,231.2,159.45,247.35,29.42,948.99,915.24,180,53.96
214.15,219.14,193.96,175.0,26.88,988.04,927.24,14,43.61
119.88,278.82,20.15,130.49,28.13,1092.93,909.56,3,21.34
311.86,290.98,118.44,162.06,20.14,877.71,673.68,365,59.99
522.11,255.5,51.43,150.9,20.32,809.54,844.3,365,82.0
387.11,36.9,108.59,121.84,19.49,813.19,894.21,56,63.18
318.02,170.53,64.09,132.38,13.92,846.29,889.77,90,54.11
148.7,216.62,56.69,178.91,10.31,996.82,699.17,365,36.8
211.07,88.16,114.77,164.16,18.94,1078.82,662.81,28,38.92
229.7,15.28,36.66,143.45,0.82,1105.95,721.91,3,23.92
436.51,80.27,93.83,213.09,0.24,1019.11,782.9,56,50.5
485.75,163.31,130.16,166.43,27.25,939.08,820.66,28,60.23
496.72,148.6,25.64,230.74,1.49,853.31,926.45,180,66.16
533.21,63.42,186.12,151.33,16.79,938.49,899.15,90,72.92
532.24,295.97,101.14,189.99,19.68,914.68,861.81,28,64.21
519.32,332.32,163.91,143.94,6.34,1100.16,695.92,14,54.72
131.6,72.28,130.78,184.39,28.66,967.92,782.51,14,22.51
160.63,333.72,142.0,139.82,6.08,878.04,724.85,56,32.37
233.97,6.41,143.23,141.01,28.3,899.64,684.44,56,48.78
343.28,332.06,175.02,199.59,24.42,847.08,594.12,28,58.54
142.67,341.74,122.72,154.29,7.7,1116.91,726.46,28,23.32
472.15,4.33,55.64,142.41,4.82,817.37,692.96,365,58.32
371.37,273.92,19.9,240.87,10.12,804.43,819.9,7,40.23
338.64,348.3,121.25,125.59,12.73,863.13,615.05,3,41.16
172.74,325.22,13.27,193.47,7.87,1079.75,698.75,180,34.31
211.43,348.48,48.26,191.27,31.96,980.6,608.0,365,51.35
170.54,197.57,12.14,152.58,7.35,1015.92,847.85,56,28.5
474.85,28.06,109.78,178.86,26.58,923.42,818.41,14,60.48
357.06,305.07,32.07,131.41,5.09,823.69,725.67,14,47.37
423.46,220.36,122.08,213.77,31.37,1095.37,649.23,28,58.8
230.25,220.69,158.17,148.82,7.22,866.2,975.08,1,18.92
263.35,149.79,164.38,145.14,13.49,811.41,824.93,28,42.57
278.14,205.29,61.91,160.93,17.87,997.58,863.0,7,40.34
434.41,55.14,109.79,237.31,3.85,828.73,803.6,7,39.66
439.84,265.58,112.6,223.54,26.14,833.04,914.23,56,62.26
191.0,26.93,94.58,243.1,8.79,1076.13,950.34,365,32.11
514.28,261.99,131.02,204.76,17.58,969.61,743.85,3,59.26
153.09,304.78,42.02,206.18,17.59,883.32,867.39,365,37.34
494.29,169.62,195.85,182.4,19.28,920.28,682.41,28,56.08
144.17,183.03,19.62,237.67,1.78,1051.59,852.05,365,20.13
216.4,112.08,165.84,186.41,5.4,822.89,750.46,14,33.82
472.45,348.04,118.82,166.16,5.16,840.19,592.73,365,64.64
178.98,263.19,48.97,203.25,9.67,1012.61,974.12,56,28.3
281.97,132.47,149.14,191.0,4.64,1009.41,939.11,90,40.81
297.94,62.76,16.9,136.12,29.5,1135.5,706.92,56,54.11
207.91,78.83,154.88,171.05,16.41,929.22,991.1,28,34.7
412.51,166.55,118.0,160.73,19.95,822.45,717.49,28,61.37
474.59,338.38,22.15,230.09,11.44,985.45,774.46,180,65.56
484.81,263.56,15.9,169.25,8.84,1020.23,932.21,180,70.71
249.3,77.27,150.17,226.8,16.1,848.16,712.45,1,20.36
333.57,308.58,58.59,177.51,9.42,990.74,771.12,90,50.62
209.3,135.77,177.86,217.96,11.0,868.23,857.57,180,34.88
207.71,305.77,152.41,137.59,14.49,1091.43,642.45,90,39.11
170.95,86.77,139.64,240.2,16.18,1088.13,759.78,28,21.16
513.61,222.1,55.72,182.47,31.5,948.22,714.38,14,73.93
490.72,332.67,141.79,153.77,7.15,1133.53,862.06,90,67.46
442.04,92.58,189.63,151.39,15.62,1138.02,644.66,56,62.93
327.77,248.76,18.31,154.46,4.78,844.59,683.56,14,38.13
315.87,354.45,65.23,167.67,11.2,926.86,875.97,14,42.99
333.09,54.06,46.93,213.28,22.95,1007.11,652.8,14,46.25
336.09,31.74,78.65,243.45,5.58,829.27,759.65,1,30.1
291.21,242.04,148.47,206.97,18.6,932.02,876.58,1,37.59
157.97,121.97,94.85,191.13,13.33,890.1,897.72,1,11.71
155.29,25.58,114.15,178.32,1.65,1128.46,628.14,14,12.31
518.99,170.63,62.83,227.67,29.86,942.0,932.5,28,66.73
312.09,270.6,28.26,230.46,13.24,1063.12,881.04,14,35.38
519.41,102.36,53.39,158.09,25.09,933.41,726.4,365,71.59
171.97,120.28,171.94,243.94,13.32,845.48,897.05,7,8.62
343.94,303.61,120.48,171.36,30.0,1097.79,882.78,14,55.57
191.4,186.71,75.6,224.01,9.3,800.14,831.56,7,15.86
211.4,302.54,157.98,245.69,13.19,819.3,814.51,7,17.92
113.22,160.25,12.89,211.48,24.28,925.71,885.35,56,14.48
152.34,342.12,50.78,141.0,11.0,1036.98,991.7,7,22.09
503.41,233.64,46.02,196.2,11.66,917.89,822.58,7,46.79
241.47,41.61,197.07,135.44,31.83,822.88,915.1,90,52.84
367.58,317.75,141.22,222.59,17.78,909.65,889.2,180,60.18
304.61,175.65,123.56,156.57,22.06,884.52,934.03,3,37.33
276.2,50.85,1.0,210.38,20.59,801.87,973.72,3,31.92
334.03,54.82,36.86,238.31,26.49,984.51,667.62,7,31.78
182.39,246.82,127.11,143.53,27.58,840.24,656.51,56,37.2
534.99,17.01,75.94,171.07,18.02,899.19,825.71,365,73.05
460.06,102.89,184.86,204.13,9.43,1021.21,770.62,3,43.29
426.31,50.18,152.94,174.56,0.73,1050.16,819.43,1,34.0
306.25,158.35,89.48,142.73,19.66,890.89,910.81,28,46.54
167.27,148.75,149.9,123.78,26.42,913.57,964.55,365,48.67
505.09,187.35,195.08,172.86,14.42,885.18,757.8,28,61.62
250.21,100.39,92.2,204.4,5.27,1130.13,878.61,365,41.2
122.05,11.5,128.51,194.62,9.22,865.73,669.11,56,18.01
250.66,220.56,183.73,140.31,16.32,863.2,804.89,1,30.09
449.56,134.16,49.73,178.59,26.77,953.54,598.77,14,56.92
373.99,233.83,177.31,168.03,5.5,865.31,792.51,90,64.12
430.37,39.01,19.51,155.65,19.59,854.06,809.23,28,53.36
449.2,4.95,129.69,214.81,24.11,833.08,885.65,3,48.4
193.26,89.14,156.57,160.25,29.95,1020.86,851.09,3,32.67
506.46,163.9,122.92,190.22,3.73,1011.17,734.08,56,60.47
292.72,141.47,99.11,240.02,29.64,1024.31,592.3,28,46.83
381.17,290.9,123.47,190.11,19.25,1066.79,636.43,56,59.27
101.02,135.64,30.33,200.21,24.53,912.59,981.17,14,5.29
537.08,190.43,43.11,129.52,1.72,1116.86,960.78,14,51.27
223.59,213.07,53.98,143.16,16.2,1052.96,720.69,56,44.18
127.31,7.84,119.56,133.12,19.92,1077.62,694.06,1,19.58
301.64,184.93,88.38,219.43,9.82,1048.73,765.44,14,40.36
156.77,123.79,48.9,228.67,13.81,923.67,867.36,14,14.32
167.02,151.24,176.56,144.24,17.74,897.65,733.44,180,45.87
378.2,36.0,74.78,148.51,17.68,945.77,617.05,90,52.71
272.89,281.03,89.21,162.02,1.34,833.48,751.92,14,33.26
505.62,338.32,81.94,196.84,14.06,955.69,694.76,7,59.24
240.43,7.99,36.39,200.83,6.84,814.88,720.62,7,26.99
419.52,215.89,146.33,209.28,29.33,801.36,655.51,3,48.12
302.88,274.22,89.69,237.68,31.25,1121.37,854.85,7,41.88
390.38,102.25,3.25,158.36,9.59,1037.82,801.71,90,61.53
363.87,282.73,192.8,205.64,5.61,993.84,698.89,1,33.91
308.02,227.02,163.15,192.76,7.02,917.68,812.65,1,35.68
518.03,333.57,144.71,159.76,15.29,996.84,788.07,28,66.47
250.79,352.18,173.82,237.96,27.98,1107.59,909.98,7,39.84
177.98,15.2,181.36,132.41,16.0,1025.07,974.31,180,40.71
398.36,159.73,67.5,212.56,1.77,1007.86,642.53,90,52.66
472.24,196.37,122.19,214.62,1.28,958.77,945.33,90,61.27
117.71,52.68,121.76,238.99,7.28,919.27,873.33,28,2.0
297.84,120.73,53.46,187.42,26.97,1041.0,868.41,14,42.63
492.69,354.57,44.39,161.81,19.89,1138.44,740.47,14,65.43
429.83,5.83,22.78,227.61,18.01,946.54,728.25,3,38.93
536.4,162.45,131.86,220.21,10.21,935.31,592.27,56,59.86
333.82,302.51,156.18,185.04,29.74,947.7,984.85,180,70.57
390.4,116.28,152.19,219.82,10.6,946.81,833.82,7,44.93
233.09,172.25,63.26,154.82,26.72,1141.77,751.74,1,28.96
516.92,351.12,41.05,196.64,28.67,1043.84,808.6,56,73.86
261.19,170.48,90.72,232.47,15.47,923.92,606.29,14,27.77
424.94,47.0,109.36,161.34,28.62,928.17,659.81,180,65.08
277.38,18.57,183.82,182.86,8.86,948.62,840.59,180,46.12
