hours_studied,attendance_pct,sleep_hours,previous_score,practice_tests,extracurricular_hours,final_score
7.5,99.83,7.8,39.96,10,3.91,88.43
10.77,49.4,6.56,45.41,12,3.03,87.82
9.31,88.77,4.81,68.75,2,7.67,91.48
2.7,64.67,5.08,90.88,9,8.42,74.64
3.6,87.0,5.9,60.67,3,8.77,71.9
10.48,93.51,5.66,43.05,10,1.69,100.0
0.06,99.52,4.31,68.65,7,1.97,73.4
9.85,55.96,6.03,92.24,4,4.63,94.06
9.56,67.18,6.24,86.42,5,9.68,88.51
5.62,96.57,5.44,88.43,3,6.2,88.75
3.64,96.74,5.92,56.68,10,6.23,77.83
3.34,62.37,5.66,47.05,3,3.27,65.67
3.06,96.41,5.88,86.59,13,9.9,86.27
5.34,64.35,7.1,81.23,13,1.83,89.11
6.05,62.49,6.49,85.34,3,5.59,85.9
6.64,85.4,4.99,55.43,12,6.75,82.98
11.95,68.27,7.98,48.6,7,8.1,93.11
9.51,66.89,6.57,45.62,13,8.13,97.12
7.47,63.17,6.29,86.59,8,3.87,99.77
11.87,65.97,7.57,89.76,12,2.71,100.0
2.58,48.39,7.76,53.87,13,9.8,66.64
1.92,43.66,8.25,86.85,12,5.53,70.05
7.35,85.24,8.06,54.79,6,2.82,89.69
0.53,73.87,7.35,59.11,6,1.38,63.83
0.43,80.31,7.61,66.82,4,8.03,64.46
6.18,88.14,4.79,44.38,11,8.49,76.29
5.59,53.81,7.5,47.38,1,5.7,64.51
11.01,54.03,5.27,47.33,2,3.84,80.2
7.55,56.67,5.29,46.9,2,6.6,71.07
6.17,58.24,4.6,63.51,9,9.8,82.66
5.96,85.64,5.98,36.53,6,5.78,74.51
2.97,62.45,4.1,80.72,0,7.87,56.22
0.14,59.39,7.28,41.36,6,8.82,44.58
2.31,78.18,7.74,58.86,14,7.57,67.48
8.3,51.19,7.88,71.72,5,4.87,81.5
2.41,46.39,4.64,38.97,13,1.78,61.59
4.43,81.83,7.21,56.6,5,6.97,75.86
0.04,85.39,8.19,66.61,2,8.31,59.06
9.96,57.78,4.18,65.77,0,9.63,81.18
1.85,78.16,4.97,88.01,11,1.52,77.02
3.21,42.04,5.34,81.03,7,1.14,63.54
10.56,64.26,6.31,37.86,12,6.36,81.06
6.12,74.68,4.86,84.16,10,8.27,84.21
10.17,55.21,6.69,65.74,0,0.76,93.25
7.68,60.89,5.72,74.08,8,6.14,79.82
8.9,76.57,7.28,40.4,8,2.66,91.87
1.1,75.39,6.66,60.68,2,9.99,65.11
6.49,49.25,7.43,75.49,6,3.61,80.49
6.09,82.39,5.23,81.83,5,0.82,88.18
10.46,44.8,7.54,82.38,9,7.83,93.45
4.34,98.18,7.67,44.11,9,3.01,78.83
7.18,52.14,7.61,84.13,13,4.19,96.88
0.71,55.21,4.34,66.95,0,1.31,53.56
4.65,52.02,8.73,73.46,10,3.31,85.61
3.88,99.49,6.88,85.35,3,1.33,92.56
1.8,57.2,5.36,56.36,3,2.57,58.82
9.8,76.32,6.17,89.78,5,5.79,100.0
4.55,99.44,6.59,87.28,8,2.99,92.67
11.74,97.0,6.59,82.5,0,6.67,100.0
7.08,42.54,5.24,54.7,8,9.01,65.98
7.26,71.27,5.32,64.33,12,5.76,89.69
7.66,76.08,5.82,41.25,0,0.29,75.01
8.12,82.14,7.9,79.36,13,9.6,96.28
1.81,60.15,6.19,87.91,1,1.98,78.99
5.28,59.67,4.19,40.45,12,3.46,64.91
2.87,40.26,6.26,78.41,5,5.27,61.39
4.83,42.11,5.01,75.12,5,6.19,70.94
1.16,73.0,4.06,32.37,2,3.42,38.27
11.61,44.55,8.89,89.6,8,4.4,100.0
2.58,52.15,5.47,61.14,3,6.27,51.03
8.06,60.0,6.69,47.5,2,4.57,69.66
3.61,44.23,5.79,31.96,10,2.83,57.09
10.49,41.85,4.27,80.82,10,4.11,95.69
7.95,95.62,8.5,51.96,14,3.85,100.0
1.58,66.11,8.68,63.38,8,2.92,73.1
10.14,52.29,4.93,42.66,6,6.01,84.52
11.34,82.51,6.09,69.45,10,5.12,100.0
10.85,40.57,5.87,55.82,9,4.12,84.69
6.84,54.7,4.84,82.43,13,7.09,93.88
1.75,97.64,7.31,73.31,11,8.13,77.64
2.31,93.86,7.91,76.91,13,6.49,82.25
11.13,78.16,7.8,46.32,10,3.41,100.0
6.63,45.59,7.38,34.15,13,9.37,74.29
2.17,59.08,4.09,87.2,9,1.04,75.23
10.61,41.68,5.15,90.82,8,8.06,99.28
7.7,53.15,6.57,71.83,0,4.21,82.72
6.84,41.53,7.51,89.91,4,3.97,76.93
4.52,47.57,5.93,75.91,13,8.43,77.02
4.93,77.99,6.25,69.38,9,6.55,75.75
2.87,46.03,8.2,57.24,2,9.74,58.0
0.46,49.35,4.12,53.11,0,8.78,39.78
10.51,94.17,5.34,61.83,2,1.16,100.0
5.61,60.13,5.45,44.46,2,5.03,66.65
6.57,59.98,8.96,57.8,7,7.68,75.01
3.87,45.19,5.14,63.0,3,0.83,63.37
9.02,87.76,4.24,32.03,8,5.42,75.36
0.3,80.58,6.08,55.58,10,9.93,62.21
4.47,72.83,7.25,48.49,11,2.39,78.84
0.36,77.07,4.77,71.22,11,1.17,71.08
1.47,46.02,8.2,82.77,4,2.89,56.74
11.61,55.62,4.98,69.94,14,3.44,100.0
7.89,75.02,7.52,73.16,14,2.86,100.0
5.14,97.13,4.81,69.9,1,4.32,80.9
6.28,89.03,8.41,46.66,9,8.33,88.22
10.47,78.44,5.01,54.46,6,5.17,84.32
4.13,71.13,7.66,84.87,12,5.89,89.91
7.08,40.91,8.19,91.49,10,1.09,88.96
8.2,93.44,5.27,41.78,7,0.65,86.77
4.26,44.01,4.46,30.69,5,9.51,52.74
6.23,47.74,6.93,92.49,1,3.47,84.53
9.18,81.58,6.5,85.87,5,9.47,94.53
10.91,88.73,6.4,69.49,0,3.36,97.75
1.81,87.19,7.91,83.1,14,6.4,79.3
11.2,67.14,6.32,68.63,9,6.62,91.71
0.06,50.62,6.49,88.81,8,0.9,70.4
9.04,42.12,6.44,45.82,6,0.71,77.12
9.73,91.08,6.27,58.87,9,4.42,89.36
1.64,98.66,6.03,73.59,6,1.27,72.66
5.03,54.65,4.8,44.02,13,2.96,70.76
9.78,91.96,5.48,76.46,4,1.96,100.0
0.17,64.15,5.32,47.05,6,3.13,57.99
7.54,58.68,5.24,76.15,2,4.56,84.9
9.52,70.31,7.91,82.27,10,3.11,94.07
6.16,40.49,4.57,57.57,7,3.35,69.18
8.71,66.56,5.03,94.36,4,4.86,96.82
2.72,51.97,6.63,71.04,3,6.83,65.49
2.38,82.75,5.56,79.18,12,0.42,84.56
4.36,70.15,5.2,31.34,13,9.98,64.43
2.15,92.13,5.87,37.33,3,4.31,68.91
4.15,93.8,6.51,76.25,2,9.23,85.78
11.38,59.01,7.37,91.3,8,0.07,100.0
6.88,56.82,8.86,70.83,14,0.57,87.94
4.08,96.35,8.26,89.33,8,0.99,100.0
3.26,70.24,6.15,33.85,12,9.13,60.69
11.42,45.79,6.26,87.96,11,4.12,100.0
5.33,42.75,6.08,87.03,5,8.46,85.27
11.76,99.43,5.19,70.88,4,6.95,98.84
6.19,74.75,8.76,57.92,11,0.88,89.1
6.25,43.27,4.34,75.82,8,3.62,75.87
10.76,70.68,5.02,45.85,8,3.31,91.83
8.91,70.25,7.31,73.4,0,4.53,89.31
6.97,66.12,6.95,75.13,6,7.54,94.58
5.12,97.08,5.39,65.09,11,0.84,91.59
10.54,96.93,8.68,46.9,12,9.26,100.0
4.94,47.5,6.05,30.14,8,4.77,65.51
11.07,49.1,6.98,42.73,12,3.66,88.03
0.82,64.45,4.46,84.2,12,6.98,69.01
5.16,90.04,8.45,43.8,3,2.77,86.14
6.23,77.43,4.52,34.83,10,7.12,68.22
11.41,83.79,5.97,46.03,13,4.16,97.44
3.01,74.56,8.43,63.75,7,4.78,74.18
9.67,52.6,8.72,68.11,0,1.89,81.2
8.12,89.07,8.52,87.01,14,2.03,99.02
8.61,40.84,8.14,85.56,0,8.61,88.18
7.56,81.91,5.17,92.97,1,5.76,87.26
11.66,51.66,4.16,87.48,7,4.22,97.03
3.99,68.27,6.26,59.27,4,7.75,65.81
4.78,98.51,4.32,39.22,4,9.12,63.15
2.43,72.34,8.8,92.13,14,1.59,84.11
0.61,43.42,4.04,44.87,6,9.98,44.87
2.55,65.73,5.63,70.44,1,0.14,77.99
10.99,79.62,5.02,47.19,7,6.14,94.32
10.08,43.4,4.07,83.09,4,2.64,92.66
1.35,55.16,6.5,43.05,7,2.52,47.79
7.25,41.1,4.38,57.35,12,4.95,76.76
5.75,72.4,8.5,44.28,13,6.04,74.42
7.14,62.89,7.44,85.94,10,4.37,97.64
7.91,70.22,5.85,70.26,13,7.14,91.31
3.68,57.75,8.21,71.0,3,9.5,68.89
11.54,79.41,7.98,50.44,5,1.69,96.29
5.59,50.39,5.63,41.47,11,2.38,66.93
7.54,94.4,8.24,85.73,4,6.1,90.04
7.62,97.6,8.65,79.7,8,4.1,100.0
2.21,69.58,7.1,77.74,9,3.15,69.1
0.74,67.92,5.76,94.81,4,5.04,64.26
4.94,91.58,8.5,66.37,2,6.97,78.51
9.17,57.39,8.71,41.61,0,9.09,70.37
9.78,88.19,5.74,69.62,6,9.41,96.68
8.76,57.24,4.43,48.67,6,8.2,81.13
1.36,83.2,8.34,63.34,10,3.47,75.05
10.96,60.04,7.32,59.86,10,8.84,95.24
9.62,76.16,5.16,66.63,0,7.1,85.82
10.53,95.55,6.83,89.89,7,1.74,100.0
6.28,43.26,5.54,82.66,11,9.53,72.5
10.99,88.44,8.6,56.98,14,2.47,100.0
0.56,72.51,5.71,83.13,11,6.82,67.51
0.36,62.74,4.98,85.93,4,6.95,56.77
0.24,61.02,4.22,80.31,5,9.08,59.37
3.03,44.16,5.71,65.84,5,6.66,59.68
2.98,55.5,8.95,88.46,3,9.83,75.61
2.25,77.39,5.09,61.98,0,0.6,68.81
6.8,45.86,6.29,36.89,8,0.37,58.2
0.47,80.16,8.86,47.69,4,1.96,60.14
7.08,97.74,4.03,72.74,4,5.75,97.8
1.99,98.85,5.48,54.64,5,4.24,73.08
8.13,93.35,8.11,57.48,12,0.83,100.0
0.25,88.4,4.48,56.14,10,2.02,65.89
3.73,50.68,8.64,42.48,8,5.79,56.38
11.26,98.21,8.17,36.08,10,4.02,93.67
6.46,52.16,4.72,33.19,4,7.63,64.33
9.74,92.14,6.96,73.71,5,4.67,100.0
7.9,92.67,6.78,51.07,12,8.78,87.1
7.33,77.31,7.47,59.7,9,7.59,85.32
2.3,71.28,5.53,90.79,9,4.94,80.16
6.89,52.03,5.92,70.73,3,3.58,68.56
0.48,71.17,5.2,82.69,1,2.14,61.98
9.62,57.44,5.46,79.55,3,2.92,98.32
11.52,47.55,4.88,91.99,6,3.55,100.0
10.25,47.69,8.52,34.34,4,3.61,77.43
0.61,88.07,8.44,54.97,7,1.79,76.93
4.06,95.34,5.8,91.72,4,4.73,84.11
3.82,48.51,7.47,60.19,14,1.12,71.43
1.35,40.8,6.45,91.61,14,8.69,61.33
7.52,55.82,5.4,42.02,4,5.5,74.56
9.57,48.07,5.75,33.92,11,0.95,78.19
3.76,51.32,8.83,88.21,6,3.28,90.95
10.35,75.0,5.71,56.73,11,2.55,98.26
9.57,65.34,6.89,63.04,14,1.56,99.22
1.55,65.75,8.73,90.86,12,4.81,72.35
9.2,52.34,5.49,44.26,6,1.83,85.94
10.59,79.88,8.04,92.93,7,1.52,100.0
2.37,57.37,4.57,55.78,12,7.02,63.36
6.88,63.95,7.67,46.08,5,4.3,64.04
7.66,67.8,8.03,45.19,1,6.72,78.69
7.31,94.27,8.19,63.7,5,4.7,95.54
1.15,54.78,8.88,60.35,5,5.04,57.44
7.93,83.12,7.55,87.6,1,3.11,94.97
7.58,58.56,8.89,33.3,2,4.26,72.11
9.89,93.67,5.39,32.86,5,4.81,89.59
9.64,63.64,6.61,39.93,13,3.42,88.58
3.93,70.31,5.07,69.37,6,8.26,80.42
8.66,92.63,4.42,80.79,8,2.46,98.74
10.41,80.37,6.19,61.19,4,2.21,91.03
10.72,45.66,7.6,69.89,3,3.44,87.23
1.94,48.21,7.89,71.77,2,7.85,47.74
0.32,99.44,4.08,31.25,1,8.48,44.51
7.81,41.75,8.71,46.01,1,5.65,74.51
2.58,58.05,5.24,94.85,6,3.61,76.72
6.76,97.53,5.46,51.5,8,6.49,80.29
11.34,40.91,8.16,91.53,1,8.26,96.59
4.55,49.68,8.47,62.0,13,2.43,68.36
3.03,52.8,7.68,44.47,7,6.68,58.85
5.48,45.18,5.66,30.16,13,7.1,66.82
7.89,68.32,6.31,44.14,10,3.9,85.37
1.21,75.55,8.17,50.9,6,1.45,60.25
4.57,59.1,5.79,58.55,4,6.07,71.71
1.6,46.52,8.03,59.07,4,2.1,68.1
7.95,88.66,7.91,65.64,2,3.68,87.2
9.97,88.27,6.34,60.82,7,5.45,99.78
4.52,73.73,8.48,32.14,5,9.63,56.07
4.46,48.26,5.92,47.35,7,1.47,55.06
6.47,72.51,7.75,92.53,2,0.74,94.06
2.58,77.77,7.2,31.78,10,5.39,63.54
2.97,65.7,5.66,77.71,12,9.43,77.11
3.96,91.83,6.66,60.96,8,0.46,78.12
5.49,63.4,7.03,75.95,1,6.42,74.33
0.98,70.65,6.68,51.61,2,0.27,61.69
9.03,46.85,4.55,54.06,11,5.51,90.57
6.95,73.81,8.96,63.59,4,1.19,84.58
3.6,85.99,8.83,89.13,5,6.59,77.26
0.93,83.88,4.19,51.35,14,3.61,73.79
9.16,55.42,8.72,35.58,10,6.55,84.34
1.57,99.51,6.66,32.49,6,2.58,66.12
1.6,83.2,4.63,87.3,11,0.75,81.81
1.57,65.43,8.1,50.39,4,1.82,72.16
0.98,64.89,6.16,37.77,2,2.74,50.17
10.88,86.76,7.57,68.77,7,1.65,100.0
3.23,50.54,8.14,84.92,11,1.98,71.23
3.68,78.38,6.69,68.97,4,5.44,71.13
9.99,83.13,4.25,39.86,14,4.38,88.54
7.44,70.98,8.11,56.37,4,8.25,80.1
2.25,92.39,7.47,47.32,8,4.98,71.76
5.22,68.12,8.55,31.08,2,5.4,59.65
10.61,67.89,5.35,92.77,9,7.1,100.0
4.5,57.08,7.93,59.85,2,8.53,61.15
8.53,95.16,8.37,38.76,4,5.85,82.61
1.16,58.98,5.78,87.52,0,0.37,66.23
8.73,81.72,6.05,94.03,2,4.59,91.38
9.32,64.56,5.67,83.04,1,0.32,94.63
9.91,96.13,4.03,46.49,11,6.05,96.83
8.09,96.88,5.16,42.39,10,0.65,87.64
4.45,41.8,5.66,64.13,12,5.4,81.29
0.77,99.67,4.54,67.93,4,1.5,69.31
6.23,76.3,7.83,87.1,3,8.56,88.52
9.09,44.43,6.13,92.87,2,0.94,85.81
2.29,69.82,6.84,89.18,1,6.59,63.15
3.19,42.97,5.42,52.24,1,7.04,49.88
6.43,72.93,5.8,68.06,5,2.75,80.56
8.98,51.13,7.77,38.05,2,5.93,70.27
10.76,62.08,6.35,63.73,9,3.3,99.61
1.51,58.28,6.98,34.6,8,2.59,43.16
2.21,76.13,6.11,37.23,5,2.6,53.4
9.59,89.34,6.79,37.93,1,0.16,75.22
7.73,96.19,8.49,49.59,14,6.73,100.0
8.65,59.73,5.34,50.13,3,0.72,75.36
11.96,74.18,6.6,75.83,11,1.97,100.0
11.27,40.35,7.44,34.94,13,0.87,82.15
10.12,62.33,4.43,37.22,13,8.04,88.59
9.33,97.64,8.81,72.66,8,5.29,100.0
4.74,47.13,6.49,73.73,8,4.67,76.09
7.69,92.19,5.23,76.18,12,5.83,88.12
2.21,79.15,7.8,76.81,11,8.08,84.61
9.11,57.63,8.08,73.09,10,6.24,96.27
9.09,86.69,7.15,65.92,14,5.13,100.0
8.66,57.36,8.58,78.19,3,3.13,96.22
5.34,93.69,4.44,35.3,0,5.17,64.46
4.54,44.97,6.64,43.77,8,9.87,60.55
5.04,47.14,7.71,78.19,8,5.7,82.02
0.4,85.0,8.58,42.52,12,4.77,67.63
10.13,66.95,7.21,64.5,2,8.88,86.43
6.51,48.85,7.01,46.92,1,0.55,67.83
4.65,70.81,5.94,58.03,11,0.63,76.3
6.58,57.82,6.86,84.22,14,7.89,95.29
8.66,72.96,6.77,72.94,3,9.42,92.29
4.58,84.62,8.53,58.94,3,0.51,78.09
9.97,91.41,8.14,47.78,11,0.24,100.0
11.03,43.54,7.69,82.33,9,0.1,93.57
4.65,75.54,8.62,72.71,4,5.77,78.57
1.65,99.02,4.33,58.6,9,1.38,81.19
9.12,67.59,7.85,86.5,9,5.61,98.5
11.92,86.17,6.32,75.01,1,6.64,92.86
1.78,45.84,7.76,93.74,10,0.16,84.17
8.55,92.41,5.48,73.19,9,8.7,99.22
9.9,74.92,6.34,88.49,13,2.53,100.0
11.05,93.3,8.12,65.78,2,5.54,100.0
1.48,87.23,4.18,76.15,13,3.54,72.71
1.1,92.15,5.46,84.76,10,3.43,72.9
11.85,43.44,6.44,35.88,6,4.03,81.22
1.4,82.93,8.26,60.82,0,0.04,62.92
2.12,51.82,5.35,69.36,10,4.29,61.45
6.9,55.95,8.12,33.76,14,2.65,76.28
5.36,59.49,5.22,81.3,2,3.57,71.31
9.0,75.48,5.52,76.51,2,1.63,91.74
2.29,77.67,6.77,90.86,1,3.35,75.19
10.97,95.89,7.27,54.18,3,6.99,99.44
2.61,40.76,8.4,60.5,10,9.84,61.49
9.23,51.61,8.4,89.27,3,1.97,87.92
0.81,61.72,5.25,56.75,13,8.67,55.05
5.68,89.08,7.73,84.23,13,6.15,96.2
0.39,72.99,7.17,57.39,11,1.01,74.44
3.77,70.72,5.93,51.95,0,0.15,68.4
3.75,85.61,7.88,48.02,7,8.84,68.18
8.64,79.3,8.49,43.88,3,2.34,88.41
5.46,57.39,6.4,58.04,9,1.06,70.8
0.68,45.23,8.58,40.5,9,6.56,57.42
11.94,67.74,4.64,83.82,10,7.07,100.0
10.66,92.81,4.83,93.34,10,8.95,100.0
11.0,75.89,7.82,36.33,8,5.0,93.56
2.96,43.2,5.53,33.56,12,3.12,56.02
4.73,66.4,6.93,30.24,5,3.18,64.57
2.73,63.08,6.49,90.58,13,2.05,78.63
1.5,74.95,4.73,34.8,12,6.35,58.57
0.4,75.23,7.77,74.21,1,9.42,66.92
6.04,97.08,7.71,49.75,5,0.85,100.0
1.48,60.29,4.73,42.88,8,3.87,58.95
2.12,64.49,5.3,46.01,13,3.52,65.32
10.33,76.81,8.0,74.83,14,0.8,100.0
5.81,93.18,8.56,31.17,11,5.95,84.82
2.2,82.37,8.35,86.21,1,9.83,65.44
8.04,68.25,6.51,66.91,11,2.77,87.9
3.19,88.87,5.84,45.31,0,7.27,63.36
6.32,69.12,6.23,43.54,12,9.01,70.52
3.4,97.81,4.88,72.56,10,2.71,91.49
6.19,56.95,6.48,70.91,14,9.19,90.18
7.54,47.64,5.15,50.68,12,7.48,74.18
6.43,89.82,4.81,51.71,14,6.46,83.44
4.75,57.84,5.9,60.12,9,1.94,67.67
9.49,90.84,4.32,89.18,7,2.77,96.98
10.48,76.56,6.35,64.99,3,1.02,96.7
2.15,70.54,7.48,84.6,5,8.96,76.18
1.64,45.22,7.26,71.66,0,8.09,57.9
1.36,87.18,8.88,66.54,10,0.87,78.95
11.76,43.96,8.43,61.83,7,5.31,90.65
11.3,97.91,7.17,74.24,14,2.13,100.0
2.77,92.62,8.49,61.95,14,7.66,74.96
11.64,58.18,6.22,77.19,9,5.73,100.0
2.49,47.67,7.99,41.83,13,9.45,68.42
6.08,93.14,5.42,50.95,0,7.27,80.03
5.97,68.79,6.63,86.76,6,1.01,86.4
10.98,47.49,8.9,55.69,0,3.73,82.89
0.49,69.91,6.99,84.8,2,5.76,72.58
3.78,54.81,6.53,90.97,6,9.12,85.33
7.2,64.47,7.94,67.6,11,3.71,82.22
0.8,78.41,5.56,36.62,11,1.88,57.87
2.84,94.92,8.16,79.2,10,2.83,88.32
5.58,88.06,4.09,73.28,13,2.48,96.61
10.57,49.66,5.19,48.9,14,1.54,86.61
9.13,68.64,4.89,86.09,5,3.44,98.01
9.95,69.52,5.29,61.38,2,2.49,85.58
9.13,99.37,8.73,33.71,7,5.1,100.0
8.49,45.21,4.12,34.42,14,8.94,76.01
10.2,70.65,5.49,44.84,7,9.54,83.61
8.18,94.86,6.87,69.64,14,1.59,100.0
8.83,63.93,7.52,82.99,1,5.69,95.24
3.62,55.7,7.87,36.44,7,6.74,63.7
2.01,73.36,5.92,31.45,0,1.53,46.02
9.08,59.21,5.1,70.46,10,5.32,91.86
1.99,95.62,8.26,56.62,7,2.0,67.73
11.03,45.09,4.61,58.71,3,3.64,79.42
7.16,52.4,4.33,83.35,7,3.24,78.22
3.95,45.03,5.16,89.74,9,8.15,68.95
11.24,82.71,6.46,92.87,12,2.34,100.0
1.86,57.59,8.71,80.65,14,5.4,73.46
6.17,94.01,7.64,30.21,2,5.86,74.12
1.1,93.62,6.82,39.78,0,3.3,60.8
11.59,96.18,6.61,68.17,12,9.29,100.0
6.9,55.37,7.47,92.09,8,3.32,86.41
9.64,40.04,7.13,35.29,4,3.26,77.18
3.38,63.26,5.68,63.47,9,6.93,60.05
9.62,97.75,4.46,55.77,8,4.88,84.99
8.43,85.82,5.0,56.44,10,7.25,93.23
7.72,43.58,7.91,47.46,10,1.53,82.39
11.41,82.15,7.17,47.6,13,1.48,100.0
5.2,95.02,7.99,45.49,2,7.36,72.66
4.98,98.06,4.22,36.71,12,3.89,70.64
8.31,82.96,8.5,66.01,14,8.57,96.17
10.02,91.78,5.91,58.99,6,2.33,99.25
4.02,90.5,8.63,76.34,14,2.4,89.27
8.04,61.5,6.97,71.6,9,8.63,84.72
2.51,45.94,6.74,91.93,14,3.62,73.03
6.62,83.65,8.09,52.08,8,1.1,79.92
9.23,48.21,7.13,87.36,0,2.2,93.13
0.78,63.05,7.37,55.01,2,7.7,56.41
8.73,99.74,4.79,72.94,9,2.65,94.66
0.19,73.59,7.02,82.32,14,5.56,70.26
11.5,71.3,5.78,55.79,10,8.35,93.13
5.62,96.87,4.38,59.0,10,6.1,86.77
4.91,57.04,4.67,71.03,13,7.53,72.56
8.65,99.97,6.4,37.2,4,9.77,81.34
6.28,94.72,5.31,64.56,3,2.99,72.72
8.77,61.83,7.83,36.17,13,8.76,76.45
1.02,59.63,4.61,44.62,1,5.51,49.44
6.75,47.59,4.07,70.5,4,2.01,79.74
6.7,94.94,8.98,93.19,12,1.32,100.0
11.19,51.15,5.56,94.96,3,3.28,95.22
0.48,40.54,6.55,46.94,3,1.38,51.22
5.43,93.4,5.05,39.51,13,7.72,76.55
7.57,75.89,5.04,63.71,0,5.57,75.88
6.61,80.31,6.01,58.69,10,0.44,89.59
0.89,83.99,7.95,54.66,1,8.78,59.87
7.12,42.56,4.2,79.95,1,5.96,79.89
2.67,45.51,8.19,76.13,9,4.43,75.66
2.35,69.99,8.95,66.52,8,1.41,71.66
10.54,43.02,6.8,70.39,8,4.7,91.11
2.37,70.26,5.8,67.82,3,9.17,63.79
5.45,84.18,5.17,74.0,11,5.84,80.61
9.0,79.44,4.91,90.31,2,4.59,90.54
8.49,77.0,5.62,91.53,12,6.08,100.0
6.64,42.78,8.26,93.67,8,5.51,80.63
9.68,54.2,4.02,85.88,0,6.24,91.3
5.59,93.85,7.93,36.81,7,1.99,79.68
7.44,47.39,7.34,59.36,13,1.49,84.71
9.83,71.99,4.1,80.8,7,0.13,100.0
8.14,43.0,4.35,49.13,13,8.32,79.32
7.7,96.35,7.68,69.44,0,0.03,97.32
4.87,50.29,7.37,33.59,13,2.56,66.48
6.7,64.6,5.57,43.24,3,5.85,67.85
4.75,72.81,8.31,56.01,11,5.0,78.61
8.93,83.12,5.05,34.56,0,9.01,82.64
4.57,96.25,6.13,57.58,5,2.13,83.75
5.6,84.18,4.58,44.96,10,1.14,73.43
9.07,60.84,7.23,86.02,3,1.6,92.45
6.04,44.52,4.44,50.72,14,4.98,69.96
4.06,82.44,4.9,54.75,13,2.91,78.54
9.92,98.35,7.83,82.13,5,4.55,100.0
4.57,41.02,6.5,66.38,6,6.88,79.22
10.14,86.48,7.31,33.26,14,3.21,85.69
9.42,50.57,7.67,44.14,7,6.65,85.28
5.37,67.6,7.03,69.71,13,0.2,89.82
8.55,71.36,4.99,42.96,10,5.46,78.83
0.41,76.87,7.49,46.14,7,9.07,56.65
4.68,99.37,4.58,70.49,10,9.34,82.1
10.32,81.24,5.35,62.15,8,5.72,95.95
6.95,63.54,6.24,47.49,10,9.83,81.55
6.69,82.9,4.57,66.35,5,2.35,76.14
7.98,68.0,4.53,71.19,9,2.98,95.73
8.13,64.79,7.26,32.56,9,4.48,75.84
7.0,61.94,7.71,47.8,7,5.09,84.71
5.05,69.6,5.85,50.0,7,8.19,72.39
2.2,56.87,5.95,87.12,11,4.47,82.4
3.51,54.53,5.04,33.34,3,0.48,57.24
3.52,48.91,6.61,52.56,5,7.0,66.1
5.17,66.41,6.9,42.65,9,2.23,72.97
11.99,57.6,8.67,75.18,3,8.82,93.43
4.23,90.22,4.2,82.73,11,2.12,91.91
5.37,90.87,8.54,33.73,13,2.96,85.0
4.46,60.63,8.95,86.11,7,1.37,95.51
6.98,77.15,5.73,75.24,12,3.03,83.62
11.37,94.14,7.63,44.1,0,6.01,90.19
10.67,61.55,8.12,89.53,10,2.67,100.0
4.53,73.28,7.26,49.05,6,0.48,66.7
3.2,66.61,5.44,81.25,2,5.86,69.47
10.61,79.02,7.11,34.87,12,7.35,100.0
5.93,97.59,8.38,59.64,0,1.09,89.95
8.23,48.32,4.54,62.87,14,4.24,81.72
0.88,97.92,6.4,88.28,13,0.68,93.64
10.4,79.94,4.11,84.37,11,0.17,100.0
3.76,87.75,8.22,65.51,14,3.75,90.77
5.93,78.11,7.89,33.35,10,2.87,78.47
2.38,92.22,4.23,57.95,4,8.75,66.73
5.04,59.57,7.73,54.39,12,0.14,74.8
9.94,82.48,7.46,94.71,9,6.46,100.0
9.93,55.85,4.63,74.25,9,7.34,95.5
5.68,70.52,6.63,56.33,0,4.17,71.7
9.21,80.89,7.45,53.71,5,5.01,98.31
5.5,52.07,5.68,79.89,5,2.47,76.5
4.48,43.67,6.52,36.23,4,2.52,45.52
6.55,87.46,8.88,83.11,10,0.53,98.64
2.42,88.54,7.18,73.61,14,9.06,83.74
3.8,79.94,6.51,58.29,5,0.29,75.86
8.48,59.29,4.33,76.17,4,1.37,86.62
9.25,79.49,4.61,55.86,12,7.24,87.71
0.68,45.03,8.25,39.31,5,4.58,56.28
8.79,79.75,7.71,57.1,13,5.12,92.73
9.81,74.57,8.18,33.34,11,2.94,92.83
5.34,77.03,6.89,35.66,2,1.61,65.99
0.75,66.82,6.88,58.54,5,7.99,52.33
8.19,53.51,6.65,83.63,10,1.24,100.0
2.95,83.55,7.68,43.24,0,2.96,50.03
7.72,67.85,5.65,62.55,5,7.52,76.87
4.52,84.72,6.48,93.63,2,2.98,88.19
7.65,61.85,6.35,83.78,2,9.51,82.32
3.1,45.27,7.31,88.63,12,1.75,84.01
5.72,72.55,5.08,73.87,5,5.28,79.64
6.3,77.37,4.13,68.29,11,5.38,83.28
7.57,95.31,4.44,67.82,7,5.0,100.0
2.44,93.27,4.9,69.08,13,7.74,78.06
11.54,43.43,8.29,60.22,13,0.46,98.6
3.47,86.31,7.58,53.44,11,5.46,71.91
3.67,55.68,7.75,45.51,11,7.9,63.01
3.08,81.83,6.22,34.24,1,0.51,62.96
0.81,62.77,4.51,53.99,0,5.46,52.67
5.08,59.32,6.33,80.04,13,4.41,85.88
9.26,69.3,8.31,65.92,0,4.05,83.95
8.51,71.83,6.55,40.66,0,5.38,77.81
2.35,81.67,7.16,82.92,14,6.25,76.3
1.64,78.27,5.87,32.7,2,7.04,49.9
3.86,80.7,4.75,90.52,8,8.98,81.67
9.22,63.04,7.13,72.37,0,6.57,81.48
5.86,80.64,6.42,66.15,9,9.99,83.89
11.08,60.72,5.73,56.82,3,6.65,83.43
7.88,76.45,5.29,83.63,5,2.69,88.72
7.45,67.57,7.48,30.44,0,1.47,77.96
9.21,73.77,5.59,31.03,12,0.71,89.07
9.0,41.05,6.88,63.82,14,2.68,96.42
4.13,69.93,5.3,49.31,8,1.19,70.67
3.08,53.2,7.77,56.1,3,6.83,66.06
5.25,63.15,5.87,64.88,8,6.9,80.04
5.87,44.43,6.39,32.85,2,6.12,63.77
1.7,79.41,8.64,93.9,3,3.83,90.61
5.3,93.61,7.59,74.05,11,4.64,91.47
7.68,61.28,7.68,36.43,11,2.59,81.19
1.63,46.3,5.7,78.01,2,9.19,58.17
1.66,77.22,8.2,64.64,3,0.16,51.25
2.08,47.62,5.93,74.65,13,3.21,64.61
3.4,93.5,8.94,77.95,2,5.73,80.93
11.54,47.35,8.48,94.44,6,1.81,100.0
0.31,61.71,7.3,37.7,8,8.54,48.5
2.2,69.68,8.16,94.75,0,4.8,80.33
1.98,47.07,6.72,61.0,12,3.71,72.55
5.69,59.12,7.67,43.06,10,0.63,73.15
0.18,56.52,4.62,54.28,4,2.81,58.36
5.5,82.8,8.94,53.68,14,5.9,95.89
1.96,99.18,8.0,88.2,4,2.81,85.49
3.24,61.77,4.71,64.08,11,0.45,68.2
9.51,87.44,5.21,34.34,2,5.8,86.84
2.21,48.42,6.87,76.47,11,3.04,71.35
7.41,74.79,7.81,62.36,9,8.46,85.63
4.88,65.96,4.74,82.95,12,6.92,84.94
5.01,57.29,8.8,33.02,11,7.21,65.91
9.8,89.3,5.73,86.23,9,8.9,100.0
1.93,84.79,8.97,88.04,1,8.1,79.6
11.09,48.04,7.76,30.54,6,3.29,86.88
10.72,57.54,6.43,61.0,8,5.69,94.94
8.02,89.17,5.81,37.9,14,2.59,85.21
0.59,99.55,4.48,64.41,8,2.02,69.86
7.96,76.69,4.44,35.8,13,2.06,87.31
7.2,92.3,7.15,87.66,1,1.11,93.09
9.27,99.05,7.87,41.94,5,2.39,100.0
2.57,84.43,8.54,73.43,7,2.25,78.6
11.44,78.68,5.82,72.48,12,6.73,100.0
10.63,53.27,8.69,50.85,4,2.51,93.04
1.37,62.23,5.48,43.94,6,0.47,60.31
3.78,77.41,8.7,89.49,2,4.22,82.32
0.39,95.58,8.59,32.59,12,2.01,64.85
9.97,58.11,4.77,46.52,14,6.89,89.94
10.98,63.71,8.3,51.24,12,2.22,100.0
11.88,41.33,7.52,67.97,1,5.57,92.89
7.34,81.8,7.51,54.0,10,1.76,87.9
7.99,66.61,8.2,37.24,5,4.82,79.01
8.14,87.86,6.68,67.07,8,8.67,96.79
6.84,54.02,6.53,77.07,9,3.03,90.27
11.43,79.58,5.84,75.81,8,5.27,89.08
7.29,80.39,8.33,61.82,6,4.39,83.43
4.03,67.86,8.51,49.95,8,0.7,69.73
6.15,51.32,4.8,30.67,0,0.21,57.31
0.22,64.17,7.86,64.63,8,8.42,62.75
8.69,84.7,5.38,70.86,12,3.4,100.0
8.33,51.35,4.92,58.68,13,6.86,87.48
5.05,45.4,4.99,92.35,3,4.13,75.74
10.22,67.77,6.87,43.15,1,8.38,79.96
9.07,54.07,5.4,82.92,6,1.95,100.0
4.04,88.03,5.21,76.72,4,4.84,76.12
0.93,89.03,4.49,88.46,13,5.48,82.16
1.59,96.72,5.62,90.1,10,7.94,90.63
2.21,90.39,7.87,45.39,14,0.29,78.43
3.65,78.85,4.11,89.92,7,3.62,72.0
5.37,51.22,6.41,56.21,13,4.75,78.39
11.14,89.38,7.01,74.14,10,5.89,100.0
3.34,83.69,4.25,91.94,6,1.41,82.73
10.78,84.81,5.47,68.7,0,5.44,98.85
8.17,81.85,8.53,67.89,11,6.93,99.21
10.24,89.8,8.97,34.61,1,7.33,83.85
4.84,57.87,8.25,68.78,12,2.24,87.47
0.04,80.35,4.85,45.67,4,4.41,55.54
9.44,71.04,7.82,55.24,2,2.98,87.05
2.95,60.27,6.25,54.56,9,3.88,68.52
1.71,59.61,4.85,93.27,14,3.63,80.77
9.59,49.33,6.4,71.46,10,9.45,88.61
8.24,69.49,8.61,77.12,1,0.13,88.75
2.55,62.12,8.39,41.23,4,9.48,57.28
3.21,65.29,5.96,49.78,9,0.33,63.77
11.27,91.1,4.32,87.04,2,0.78,99.25
3.22,80.89,8.5,37.82,3,2.06,71.5
8.43,80.81,8.93,91.95,7,2.87,100.0
1.55,99.04,6.56,57.78,3,8.58,66.32
9.78,53.07,5.13,55.35,7,8.41,81.84
1.41,70.47,6.72,63.45,2,9.34,59.91
6.19,45.55,7.48,58.81,4,3.9,72.17
0.42,63.57,6.41,60.58,14,0.16,68.36
6.6,97.02,5.76,57.56,11,6.26,85.23
10.16,45.16,5.24,75.61,1,8.99,87.99
1.01,85.46,5.48,47.96,4,1.07,57.13
3.29,91.93,4.25,40.82,13,8.28,76.04
9.18,70.54,5.28,58.24,14,0.02,86.19
7.3,87.86,8.77,35.74,2,7.32,71.03
3.75,66.46,4.04,59.08,13,4.93,78.44
7.55,61.2,7.64,62.13,4,9.08,78.82
5.46,70.34,7.94,80.98,2,8.75,77.07
10.35,51.68,6.02,37.09,3,0.46,80.03
3.52,58.45,6.98,55.8,7,4.98,62.14
9.09,58.32,5.1,80.74,14,2.42,99.57
7.63,99.3,7.34,51.99,14,4.39,85.27
8.89,60.11,7.54,84.35,1,0.66,89.65
4.54,53.73,7.67,76.7,5,3.61,73.05
8.7,96.39,6.46,32.71,12,4.09,92.35
8.38,48.31,8.85,55.04,14,0.04,94.86
4.65,97.95,8.33,79.81,4,4.75,83.9
0.32,91.2,6.86,64.23,3,8.95,71.01
11.55,78.82,7.41,73.74,14,0.61,100.0
8.56,65.67,5.37,94.35,5,9.45,83.2
2.46,51.83,8.72,73.89,11,4.89,62.32
8.77,46.37,7.23,65.49,5,2.11,91.88
3.34,46.22,8.47,85.0,3,9.69,69.71
5.63,60.95,5.44,57.96,13,4.74,76.1
10.32,64.43,8.91,30.68,7,4.37,80.48
5.38,95.42,4.53,47.71,7,3.76,72.07
3.46,72.17,6.65,68.66,2,8.81,75.49
3.67,99.44,4.55,91.64,3,1.3,85.43
0.92,83.25,4.95,69.46,6,2.1,77.04
2.63,48.78,7.82,48.44,7,2.83,60.35
3.25,73.21,4.33,94.56,0,0.62,64.57
2.08,49.56,5.91,56.01,4,8.44,59.59
0.76,42.35,4.96,44.81,10,4.89,49.35
5.59,96.63,8.25,65.94,8,6.02,87.81
2.57,60.27,4.41,52.36,8,8.85,67.98
8.87,51.38,5.68,37.25,13,4.95,78.91
11.07,46.11,8.28,76.33,4,2.76,100.0
3.28,79.13,7.43,74.94,0,5.31,72.52
6.87,67.67,7.52,93.19,0,5.0,84.02
6.08,40.7,8.96,38.89,13,2.99,76.14
0.9,82.91,4.12,89.19,14,2.32,78.03
1.5,55.4,7.32,81.82,7,3.58,76.35
10.62,86.83,7.72,46.45,1,7.35,93.2
5.69,69.32,7.74,61.15,1,1.65,76.01
9.66,72.13,7.57,70.96,4,9.96,94.76
0.8,67.43,4.36,50.47,1,2.35,54.66
7.14,80.56,4.42,36.99,0,2.73,68.32
10.38,99.4,7.86,84.41,4,1.23,100.0
10.4,87.87,7.06,40.71,5,3.92,89.07
0.07,44.15,5.31,61.9,12,3.72,61.16
6.26,69.69,4.05,58.45,6,6.82,70.29
4.43,54.06,6.67,88.7,10,8.96,81.99
9.12,46.14,4.45,66.33,8,2.48,87.12
0.88,51.71,7.74,57.59,12,8.09,58.03
3.18,54.89,5.7,93.49,4,3.08,73.19
9.75,97.58,8.04,52.92,14,4.07,100.0
5.63,84.69,4.48,77.22,3,1.28,87.0
5.44,91.18,6.47,45.21,1,8.93,66.88
11.62,81.93,4.5,79.22,11,3.73,100.0
3.84,58.94,7.9,78.83,8,7.01,85.34
0.5,63.47,6.8,83.83,4,0.26,69.59
4.71,66.44,5.17,61.51,2,6.97,59.87
1.84,57.6,8.81,44.44,4,2.26,58.89
0.98,65.29,7.41,71.08,9,4.51,74.02
6.81,86.27,5.68,89.16,7,6.74,93.04
11.44,44.54,8.28,50.14,1,1.71,90.2
6.95,56.59,5.9,31.31,4,5.27,68.46
7.77,68.74,8.71,42.02,7,8.36,81.43
3.88,80.57,5.49,90.64,10,1.63,87.41
6.85,78.76,8.92,30.39,8,4.68,74.88
9.03,83.5,4.31,33.5,1,1.84,75.15
7.07,46.32,7.67,36.39,2,1.43,66.97
9.63,50.85,5.46,87.97,4,4.9,94.63
6.61,58.54,6.12,54.92,10,4.57,81.05
2.38,56.9,7.18,74.95,6,6.44,67.34
6.99,85.34,4.23,75.88,1,8.58,82.77
5.89,99.6,5.12,58.21,3,7.07,81.62
1.99,80.99,4.52,77.6,8,3.36,66.54
7.43,41.98,7.7,59.98,12,4.86,78.8
9.8,57.86,5.11,65.22,3,6.74,80.35
1.62,88.18,6.49,49.94,5,8.39,62.04
6.54,95.46,5.64,30.13,3,6.83,70.19
8.8,75.69,5.18,68.57,6,5.03,88.96
4.84,60.93,8.68,47.27,6,1.33,67.36
3.24,61.31,6.54,47.89,7,8.68,65.9
4.47,78.01,7.25,87.12,2,2.81,84.4
6.5,91.85,7.52,53.52,12,4.05,81.81
8.24,60.45,8.11,36.65,8,8.85,77.02
6.71,51.44,5.32,70.97,3,2.07,71.33
1.28,40.17,4.39,65.0,6,9.14,62.06
9.81,48.25,6.34,33.74,12,2.29,79.93
11.09,91.07,4.85,52.68,10,0.87,98.77
1.22,77.48,4.1,69.73,14,5.14,73.22
2.99,99.44,8.6,48.18,8,7.95,73.86
2.08,44.17,7.13,94.1,3,4.02,69.37
10.19,61.96,6.07,81.93,2,8.43,99.7
10.92,87.74,4.68,62.77,2,3.96,95.44
0.53,79.67,7.81,89.51,8,8.15,79.73
3.99,44.0,6.67,32.26,11,1.13,67.56
2.31,64.09,4.87,44.6,10,2.83,57.46
5.63,78.26,8.91,89.46,4,1.22,100.0
11.06,81.27,8.75,63.07,4,7.4,100.0
0.84,67.1,8.64,41.06,3,4.7,59.04
2.06,51.29,8.13,67.06,4,6.56,58.56
5.84,97.96,6.66,77.47,1,2.38,91.75
6.29,67.99,5.5,69.22,2,7.35,78.42
8.95,83.04,7.26,32.98,9,9.93,80.45
5.25,72.09,4.76,32.39,3,0.79,75.29
1.69,44.84,7.08,56.46,14,3.19,68.43
4.24,54.2,4.33,31.06,1,8.69,49.08
11.79,43.78,4.07,35.47,13,8.52,84.9
9.01,51.45,7.58,71.77,12,8.72,97.1
1.4,52.01,5.71,58.5,8,2.27,66.27
9.7,64.89,7.49,35.56,4,5.63,82.29
3.73,59.3,7.9,86.97,6,0.86,87.13
9.38,61.75,8.18,53.95,9,4.31,97.14
0.15,89.01,7.08,87.41,14,5.76,75.34
10.46,41.28,8.23,69.6,4,2.59,87.43
1.95,46.2,7.29,70.36,9,4.22,62.25
5.47,88.47,8.64,57.56,12,3.66,89.18
7.94,72.04,8.48,73.68,14,0.85,100.0
6.09,66.33,4.22,45.83,5,0.69,74.35
1.98,56.04,5.34,46.73,10,7.81,53.34
1.67,72.54,5.94,86.87,7,0.03,75.34
3.41,53.29,5.26,43.24,10,9.86,65.47
0.63,91.5,4.88,55.09,5,8.97,57.9
2.6,89.44,8.37,78.41,10,9.87,81.99
1.56,59.31,4.13,51.45,13,7.86,62.55
5.58,41.47,4.91,53.79,1,0.02,54.32
4.28,93.26,7.8,89.1,13,1.16,100.0
7.04,57.92,5.12,43.42,3,3.19,71.08
3.37,79.41,5.29,45.68,0,1.81,64.66
0.41,91.49,8.84,87.64,0,0.6,69.53
3.97,87.9,7.81,47.89,7,9.17,68.94
9.06,91.75,6.24,51.49,13,9.1,92.0
3.07,69.35,4.68,87.33,2,7.67,72.96
4.85,90.54,5.35,50.87,14,2.53,83.89
9.06,67.67,8.91,94.8,1,8.52,97.12
4.88,55.83,7.96,83.38,9,8.19,91.39
10.65,68.86,4.35,85.03,9,3.24,100.0
11.02,60.12,7.53,44.67,2,1.28,82.0
3.73,86.03,5.88,44.11,12,1.36,72.43
8.83,89.9,7.6,78.92,1,4.09,100.0
3.04,48.47,5.48,83.74,2,8.32,64.16
1.67,49.87,4.65,44.6,6,0.76,60.64
5.25,63.02,4.1,43.39,5,4.3,73.14
7.23,67.8,5.48,45.83,5,3.55,72.62
11.23,97.38,8.3,38.94,5,8.92,92.72
1.75,96.5,8.46,57.38,2,1.53,70.81
8.55,98.02,7.42,62.69,9,6.56,93.22
5.71,83.79,7.74,70.83,1,3.23,77.33
1.58,80.63,4.97,33.6,8,6.47,55.15
11.67,56.22,5.77,42.49,9,8.22,91.8
8.35,62.36,8.5,37.61,6,8.25,74.78
1.55,40.16,8.93,47.55,11,8.46,57.04
10.87,89.98,6.22,42.08,9,2.93,93.54
1.24,56.57,7.88,90.86,0,2.76,60.74
1.11,44.76,8.67,54.27,5,1.23,64.81
3.98,58.94,8.99,39.03,4,2.55,51.98
11.26,59.39,5.48,73.32,4,1.19,92.51
0.4,83.44,7.27,93.24,4,7.84,76.12
11.02,40.34,5.95,81.64,11,0.47,93.29
7.34,53.8,6.33,72.13,8,1.92,88.7
0.8,93.79,6.31,54.58,3,7.9,67.97
6.82,91.29,5.39,56.21,9,7.68,81.09
5.51,77.74,4.1,49.64,6,9.73,71.58
6.77,73.54,7.83,82.4,6,3.84,85.91
8.85,53.36,7.48,82.22,1,0.45,92.0
8.14,92.51,8.2,61.81,12,8.08,97.95
